variant,profile,mode,count,cycles_per_txn,accepted_per_cycle,min,mean,p50,p95,p99,max,throughput_txn_per_cycle
baseline,uniform_random_modes,Q8_ENC,49918,6.4698,0.154565,14,109.691,109,169,194,256,0.038578
baseline,uniform_random_modes,Q8_DEC,50039,6.4698,0.154565,14,109.756,109,170,194,254,0.038671
baseline,uniform_random_modes,Q4_ENC,49768,6.4698,0.154565,24,122.045,121,182,207,259,0.038462
baseline,uniform_random_modes,Q4_DEC,50275,6.4698,0.154565,9,109.690,109,169,194,259,0.038854
baseline,realistic_reconstructed_mix_SIMULATED,Q8_ENC,40112,3.3288,0.300409,9,60.433,56,102,125,183,0.060250
baseline,realistic_reconstructed_mix_SIMULATED,Q8_DEC,79802,3.3288,0.300409,9,60.265,56,102,126,186,0.119866
baseline,realistic_reconstructed_mix_SIMULATED,Q4_ENC,19795,3.3288,0.300409,14,68.620,64,116,139,200,0.029733
baseline,realistic_reconstructed_mix_SIMULATED,Q4_DEC,60291,3.3288,0.300409,9,60.309,56,103,126,202,0.090560
baseline,10pct_Q8ENC_90pct_other,Q8_ENC,19801,7.4335,0.134527,9,125.346,125,185,207,255,0.013319
baseline,10pct_Q8ENC_90pct_other,Q8_DEC,60463,7.4335,0.134527,9,124.939,124,185,209,279,0.040669
baseline,10pct_Q8ENC_90pct_other,Q4_ENC,59574,7.4335,0.134527,24,137.466,137,198,221,281,0.040072
baseline,10pct_Q8ENC_90pct_other,Q4_DEC,60162,7.4335,0.134527,9,125.022,124,185,208,279,0.040467
baseline,20pct_Q8ENC_80pct_other,Q8_ENC,39836,6.8912,0.145113,9,116.600,116,176,201,246,0.028904
baseline,20pct_Q8ENC_80pct_other,Q8_DEC,54201,6.8912,0.145113,9,116.464,116,177,201,267,0.039326
baseline,20pct_Q8ENC_80pct_other,Q4_ENC,53935,6.8912,0.145113,20,128.759,128,189,212,268,0.039133
baseline,20pct_Q8ENC_80pct_other,Q4_DEC,52028,6.8912,0.145113,13,116.377,116,176,200,257,0.037750
baseline,25pct_Q8ENC_75pct_other,Q8_ENC,50043,6.4931,0.154009,10,110.071,109,169,194,275,0.038535
baseline,25pct_Q8ENC_75pct_other,Q8_DEC,49860,6.4931,0.154009,9,110.315,109,170,194,256,0.038394
baseline,25pct_Q8ENC_75pct_other,Q4_ENC,49997,6.4931,0.154009,23,122.337,122,182,207,276,0.038500
baseline,25pct_Q8ENC_75pct_other,Q4_DEC,50100,6.4931,0.154009,9,110.127,109,169,195,254,0.038579
baseline,40pct_Q8ENC_60pct_other,Q8_ENC,79861,5.4345,0.184010,13,93.472,92,151,176,235,0.073476
baseline,40pct_Q8ENC_60pct_other,Q8_DEC,40482,5.4345,0.184010,16,93.444,92,151,176,230,0.037245
baseline,40pct_Q8ENC_60pct_other,Q4_ENC,39738,5.4345,0.184010,18,104.939,104,163,187,241,0.036561
baseline,40pct_Q8ENC_60pct_other,Q4_DEC,39919,5.4345,0.184010,14,93.423,92,150,174,235,0.036727
baseline,60pct_Q8ENC_40pct_other,Q8_ENC,119847,3.9964,0.250222,9,70.652,67,120,145,208,0.149942
baseline,60pct_Q8ENC_40pct_other,Q8_DEC,27899,3.9964,0.250222,9,70.428,67,120,144,195,0.034905
baseline,60pct_Q8ENC_40pct_other,Q4_ENC,26181,3.9964,0.250222,14,80.544,78,133,159,215,0.032755
baseline,60pct_Q8ENC_40pct_other,Q4_DEC,26073,3.9964,0.250222,9,70.661,68,119,143,210,0.032620
baseline,100pct_Q8_ENC,Q8_ENC,200000,2.0147,0.496352,9,49.896,49,91,103,132,0.496352
baseline,100pct_Q8_DEC,Q8_DEC,200000,2.0250,0.493824,9,51.812,51,94,105,150,0.493824
baseline,100pct_Q4_ENC,Q4_ENC,200000,17.7082,0.056471,23,300.024,296,322,324,346,0.056471
baseline,100pct_Q4_DEC,Q4_DEC,200000,2.0231,0.494284,9,50.548,49,93,104,125,0.494284
baseline,alt_Q8ENC_Q4DEC,Q8_ENC,100000,2.0007,0.499828,10,94.012,94,111,119,137,0.249914
baseline,alt_Q8ENC_Q4DEC,Q4_DEC,100000,2.0007,0.499828,10,94.012,94,111,119,136,0.249914
baseline,alt_Q8ENC_Q8DEC,Q8_ENC,100000,2.0013,0.499675,10,94.042,94,111,119,144,0.249838
baseline,alt_Q8ENC_Q8DEC,Q8_DEC,100000,2.0013,0.499675,11,94.043,94,111,119,142,0.249838
baseline,alt_Q4ENC_Q4DEC,Q4_ENC,100000,12.8533,0.077801,22,223.346,222,235,237,248,0.038900
baseline,alt_Q4ENC_Q4DEC,Q4_DEC,100000,12.8533,0.077801,27,213.652,211,225,227,235,0.038900
baseline,adversarial_HOL_pattern,Q8_ENC,33334,1.9951,0.501229,9,93.744,93,111,119,136,0.083540
baseline,adversarial_HOL_pattern,Q8_DEC,100000,1.9951,0.501229,9,93.746,93,111,119,142,0.250615
baseline,adversarial_HOL_pattern,Q4_DEC,66666,1.9951,0.501229,9,93.746,93,111,119,142,0.167075
b1,uniform_random_modes,Q8_ENC,49917,11.8297,0.084533,24,210.245,211,270,291,341,0.021098
b1,uniform_random_modes,Q8_DEC,50242,11.8297,0.084533,36,195.074,196,256,277,334,0.021235
b1,uniform_random_modes,Q4_ENC,49754,11.8297,0.084533,35,207.184,209,267,288,334,0.021029
b1,uniform_random_modes,Q4_DEC,50087,11.8297,0.084533,36,194.874,196,256,277,329,0.021170
b1,realistic_reconstructed_mix_SIMULATED,Q8_ENC,39962,8.0515,0.124200,29,150.577,150,218,244,308,0.024816
b1,realistic_reconstructed_mix_SIMULATED,Q8_DEC,80068,8.0515,0.124200,20,134.989,134,202,229,293,0.049722
b1,realistic_reconstructed_mix_SIMULATED,Q4_ENC,19775,8.0515,0.124200,20,147.219,146,215,242,307,0.012280
b1,realistic_reconstructed_mix_SIMULATED,Q4_DEC,60195,8.0515,0.124200,23,134.839,134,201,230,311,0.037381
b1,10pct_Q8ENC_90pct_other,Q8_ENC,20034,9.6831,0.103272,18,176.138,177,237,260,303,0.010345
b1,10pct_Q8ENC_90pct_other,Q8_DEC,59761,9.6831,0.103272,28,160.665,161,223,245,297,0.030858
b1,10pct_Q8ENC_90pct_other,Q4_ENC,60158,9.6831,0.103272,23,173.348,174,234,256,306,0.031063
b1,10pct_Q8ENC_90pct_other,Q4_DEC,60047,9.6831,0.103272,9,160.816,161,223,245,294,0.031006
b1,20pct_Q8ENC_80pct_other,Q8_ENC,39784,11.2039,0.089254,31,200.052,201,259,282,327,0.017754
b1,20pct_Q8ENC_80pct_other,Q8_DEC,54177,11.2039,0.089254,31,185.078,186,246,267,315,0.024178
b1,20pct_Q8ENC_80pct_other,Q4_ENC,54418,11.2039,0.089254,20,197.297,199,257,278,327,0.024285
b1,20pct_Q8ENC_80pct_other,Q4_DEC,51621,11.2039,0.089254,25,185.171,187,246,267,321,0.023037
b1,25pct_Q8ENC_75pct_other,Q8_ENC,49842,11.8416,0.084448,53,210.176,211,270,291,359,0.021045
b1,25pct_Q8ENC_75pct_other,Q8_DEC,49939,11.8416,0.084448,33,195.053,196,255,277,343,0.021086
b1,25pct_Q8ENC_75pct_other,Q4_ENC,50070,11.8416,0.084448,20,207.332,209,267,288,330,0.021142
b1,25pct_Q8ENC_75pct_other,Q4_DEC,50149,11.8416,0.084448,41,195.564,197,255,277,324,0.021175
b1,40pct_Q8ENC_60pct_other,Q8_ENC,80336,13.9230,0.071824,25,243.107,245,298,317,362,0.028850
b1,40pct_Q8ENC_60pct_other,Q8_DEC,39940,13.9230,0.071824,32,228.561,230,284,303,344,0.014343
b1,40pct_Q8ENC_60pct_other,Q4_ENC,39862,13.9230,0.071824,44,240.479,242,295,314,359,0.014315
b1,40pct_Q8ENC_60pct_other,Q4_DEC,39862,13.9230,0.071824,30,228.547,230,285,303,348,0.014315
b1,60pct_Q8ENC_40pct_other,Q8_ENC,119938,16.3778,0.061058,18,282.051,284,327,342,374,0.036616
b1,60pct_Q8ENC_40pct_other,Q8_DEC,27990,16.3778,0.061058,9,267.982,270,314,330,362,0.008545
b1,60pct_Q8ENC_40pct_other,Q4_ENC,26058,16.3778,0.061058,41,279.246,282,324,340,372,0.007955
b1,60pct_Q8ENC_40pct_other,Q4_DEC,26014,16.3778,0.061058,10,268.242,270,314,330,359,0.007942
b1,100pct_Q8_ENC,Q8_ENC,200000,20.7082,0.048290,25,351.030,347,373,375,387,0.048290
b1,100pct_Q8_DEC,Q8_DEC,200000,2.0249,0.493860,9,51.905,51,94,105,132,0.493860
b1,100pct_Q4_ENC,Q4_ENC,200000,17.7082,0.056471,20,300.021,296,322,324,337,0.056471
b1,100pct_Q4_DEC,Q4_DEC,200000,2.0205,0.494926,9,50.212,50,91,102,126,0.494926
b1,alt_Q8ENC_Q4DEC,Q8_ENC,100000,14.3533,0.069670,23,250.350,249,262,264,273,0.034835
b1,alt_Q8ENC_Q4DEC,Q4_DEC,100000,14.3533,0.069670,30,237.647,235,249,251,264,0.034835
b1,alt_Q8ENC_Q8DEC,Q8_ENC,100000,14.3533,0.069670,24,250.355,249,262,264,275,0.034835
b1,alt_Q8ENC_Q8DEC,Q8_DEC,100000,14.3533,0.069670,31,237.659,235,249,251,268,0.034835
b1,alt_Q4ENC_Q4DEC,Q4_ENC,100000,12.8533,0.077801,20,223.351,222,235,237,246,0.038900
b1,alt_Q4ENC_Q4DEC,Q4_DEC,100000,12.8533,0.077801,27,213.653,211,225,227,238,0.038900
b1,adversarial_HOL_pattern,Q8_ENC,33334,5.4512,0.183445,25,97.161,100,103,106,114,0.030575
b1,adversarial_HOL_pattern,Q8_DEC,100000,5.4512,0.183445,31,97.224,98,112,115,126,0.091722
b1,adversarial_HOL_pattern,Q4_DEC,66666,5.4512,0.183445,31,102.621,104,111,114,124,0.061148
b2,uniform_random_modes,Q8_ENC,50493,7.9688,0.125489,30,149.844,148,201,224,284,0.031682
b2,uniform_random_modes,Q8_DEC,49642,7.9688,0.125489,10,138.308,137,187,209,271,0.031148
b2,uniform_random_modes,Q4_ENC,49975,7.9688,0.125489,8,146.582,145,196,218,277,0.031357
b2,uniform_random_modes,Q4_DEC,49890,7.9688,0.125489,42,138.112,137,188,209,276,0.031303
b2,realistic_reconstructed_mix_SIMULATED,Q8_ENC,40332,5.8154,0.171956,24,114.483,114,167,193,245,0.034677
b2,realistic_reconstructed_mix_SIMULATED,Q8_DEC,79971,5.8154,0.171956,13,102.515,101,153,178,233,0.068757
b2,realistic_reconstructed_mix_SIMULATED,Q4_ENC,20121,5.8154,0.171956,21,108.481,107,160,184,239,0.017300
b2,realistic_reconstructed_mix_SIMULATED,Q4_DEC,59576,5.8154,0.171956,9,102.755,101,153,177,243,0.051222
b2,10pct_Q8ENC_90pct_other,Q8_ENC,19926,6.8598,0.145777,32,127.421,127,176,199,243,0.014524
b2,10pct_Q8ENC_90pct_other,Q8_DEC,60286,6.8598,0.145777,22,119.554,118,170,191,267,0.043942
b2,10pct_Q8ENC_90pct_other,Q4_ENC,59788,6.8598,0.145777,23,129.950,129,182,205,263,0.043579
b2,10pct_Q8ENC_90pct_other,Q4_DEC,60000,6.8598,0.145777,24,119.247,118,169,191,252,0.043733
b2,20pct_Q8ENC_80pct_other,Q8_ENC,39700,7.5185,0.133006,38,141.100,140,189,212,278,0.026402
b2,20pct_Q8ENC_80pct_other,Q8_DEC,53815,7.5185,0.133006,9,130.899,130,177,198,257,0.035789
b2,20pct_Q8ENC_80pct_other,Q4_ENC,54175,7.5185,0.133006,9,139.879,139,187,208,272,0.036028
b2,20pct_Q8ENC_80pct_other,Q4_DEC,52310,7.5185,0.133006,15,130.781,130,177,199,272,0.034788
b2,25pct_Q8ENC_75pct_other,Q8_ENC,50326,7.9706,0.125461,37,149.921,149,201,226,304,0.031570
b2,25pct_Q8ENC_75pct_other,Q8_DEC,49708,7.9706,0.125461,9,138.262,137,187,210,290,0.031182
b2,25pct_Q8ENC_75pct_other,Q4_ENC,49952,7.9706,0.125461,10,146.612,145,196,219,286,0.031335
b2,25pct_Q8ENC_75pct_other,Q4_DEC,50014,7.9706,0.125461,9,138.113,137,187,210,290,0.031374
b2,40pct_Q8ENC_60pct_other,Q8_ENC,79703,9.8584,0.101436,24,182.581,182,242,272,341,0.040424
b2,40pct_Q8ENC_60pct_other,Q8_DEC,39918,9.8584,0.101436,27,168.508,167,227,254,333,0.020246
b2,40pct_Q8ENC_60pct_other,Q4_ENC,40257,9.8584,0.101436,55,174.640,173,231,258,322,0.020418
b2,40pct_Q8ENC_60pct_other,Q4_DEC,40122,9.8584,0.101436,34,168.269,167,227,253,324,0.020349
b2,60pct_Q8ENC_40pct_other,Q8_ENC,120050,13.3491,0.074911,24,239.379,239,306,331,393,0.044966
b2,60pct_Q8ENC_40pct_other,Q8_DEC,28038,13.3491,0.074911,14,222.152,221,286,311,368,0.010502
b2,60pct_Q8ENC_40pct_other,Q4_ENC,25854,13.3491,0.074911,88,225.845,226,288,318,372,0.009684
b2,60pct_Q8ENC_40pct_other,Q4_DEC,26058,13.3491,0.074911,14,222.198,221,286,310,371,0.009760
b2,100pct_Q8_ENC,Q8_ENC,200000,21.7082,0.046066,24,368.025,364,390,392,402,0.046066
b2,100pct_Q8_DEC,Q8_DEC,200000,2.0200,0.495053,9,52.768,53,94,106,129,0.495053
b2,100pct_Q4_ENC,Q4_ENC,200000,18.7082,0.053452,21,317.026,313,339,341,354,0.053452
b2,100pct_Q4_DEC,Q4_DEC,200000,2.0267,0.493417,9,52.370,52,94,105,129,0.493417
b2,alt_Q8ENC_Q4DEC,Q8_ENC,100000,10.8533,0.092138,26,195.353,194,207,209,219,0.046069
b2,alt_Q8ENC_Q4DEC,Q4_DEC,100000,10.8533,0.092138,26,196.359,195,208,211,229,0.046069
b2,alt_Q8ENC_Q8DEC,Q8_ENC,100000,10.8534,0.092137,25,195.357,194,207,209,220,0.046069
b2,alt_Q8ENC_Q8DEC,Q8_DEC,100000,10.8534,0.092137,25,196.350,195,208,211,222,0.046069
b2,alt_Q4ENC_Q4DEC,Q4_ENC,100000,9.3533,0.106914,22,168.361,167,180,182,194,0.053457
b2,alt_Q4ENC_Q4DEC,Q4_DEC,100000,9.3533,0.106914,23,169.306,168,180,183,193,0.053457
b2,adversarial_HOL_pattern,Q8_ENC,33334,4.2845,0.233397,24,77.377,80,83,86,94,0.038900
b2,adversarial_HOL_pattern,Q8_DEC,100000,4.2845,0.233397,24,82.971,84,93,96,111,0.116699
b2,adversarial_HOL_pattern,Q4_DEC,66666,4.2845,0.233397,30,84.268,86,92,95,107,0.077798
b3l2,uniform_random_modes,Q8_ENC,49993,7.3493,0.136067,12,159.484,158,215,241,305,0.034012
b3l2,uniform_random_modes,Q8_DEC,49544,7.3493,0.136067,44,148.396,147,201,226,304,0.033706
b3l2,uniform_random_modes,Q4_ENC,50256,7.3493,0.136067,48,156.706,155,211,234,297,0.034191
b3l2,uniform_random_modes,Q4_DEC,50207,7.3493,0.136067,10,148.072,147,202,227,300,0.034158
b3l2,realistic_reconstructed_mix_SIMULATED,Q8_ENC,40217,5.3591,0.186597,25,121.302,119,179,206,271,0.037522
b3l2,realistic_reconstructed_mix_SIMULATED,Q8_DEC,79757,5.3591,0.186597,10,109.215,106,164,190,260,0.074412
b3l2,realistic_reconstructed_mix_SIMULATED,Q4_ENC,20062,5.3591,0.186597,26,114.741,113,168,195,256,0.018718
b3l2,realistic_reconstructed_mix_SIMULATED,Q4_DEC,59964,5.3591,0.186597,11,109.085,106,163,190,260,0.055946
b3l2,10pct_Q8ENC_90pct_other,Q8_ENC,19935,6.3907,0.156478,39,134.785,133,187,210,281,0.015597
b3l2,10pct_Q8ENC_90pct_other,Q8_DEC,60134,6.3907,0.156478,37,128.614,127,182,206,266,0.047048
b3l2,10pct_Q8ENC_90pct_other,Q4_ENC,60054,6.3907,0.156478,22,139.913,139,195,220,289,0.046986
b3l2,10pct_Q8ENC_90pct_other,Q4_DEC,59877,6.3907,0.156478,36,128.679,127,182,206,274,0.046847
b3l2,20pct_Q8ENC_80pct_other,Q8_ENC,39950,6.9072,0.144777,24,149.299,148,202,228,291,0.028919
b3l2,20pct_Q8ENC_80pct_other,Q8_DEC,54143,6.9072,0.144777,23,139.446,138,191,214,284,0.039193
b3l2,20pct_Q8ENC_80pct_other,Q4_ENC,53936,6.9072,0.144777,24,149.095,148,202,225,280,0.039043
b3l2,20pct_Q8ENC_80pct_other,Q4_DEC,51971,6.9072,0.144777,25,139.670,138,191,214,271,0.037621
b3l2,25pct_Q8ENC_75pct_other,Q8_ENC,50100,7.3154,0.136697,47,158.733,157,215,239,309,0.034243
b3l2,25pct_Q8ENC_75pct_other,Q8_DEC,50116,7.3154,0.136697,31,147.423,146,201,226,291,0.034254
b3l2,25pct_Q8ENC_75pct_other,Q4_ENC,49915,7.3154,0.136697,24,156.107,155,210,234,313,0.034116
b3l2,25pct_Q8ENC_75pct_other,Q4_DEC,49869,7.3154,0.136697,42,147.614,146,201,227,292,0.034085
b3l2,40pct_Q8ENC_60pct_other,Q8_ENC,80372,9.4377,0.105958,12,201.448,200,270,298,372,0.042580
b3l2,40pct_Q8ENC_60pct_other,Q8_DEC,39719,9.4377,0.105958,10,186.284,185,252,279,349,0.021043
b3l2,40pct_Q8ENC_60pct_other,Q4_ENC,39800,9.4377,0.105958,61,192.551,191,257,286,360,0.021086
b3l2,40pct_Q8ENC_60pct_other,Q4_DEC,40109,9.4377,0.105958,26,186.687,185,253,282,356,0.021249
b3l2,60pct_Q8ENC_40pct_other,Q8_ENC,120033,13.1724,0.075916,25,269.197,270,340,364,423,0.045562
b3l2,60pct_Q8ENC_40pct_other,Q8_DEC,28073,13.1724,0.075916,27,251.111,251,320,346,402,0.010656
b3l2,60pct_Q8ENC_40pct_other,Q4_ENC,25880,13.1724,0.075916,24,253.966,253,321,346,413,0.009824
b3l2,60pct_Q8ENC_40pct_other,Q4_DEC,26014,13.1724,0.075916,28,250.967,251,320,345,394,0.009874
b3l2,100pct_Q8_ENC,Q8_ENC,200000,21.7082,0.046065,25,410.434,409,422,424,443,0.046065
b3l2,100pct_Q8_DEC,Q8_DEC,200000,2.0198,0.495103,10,54.361,55,94,105,125,0.495103
b3l2,100pct_Q4_ENC,Q4_ENC,200000,18.7082,0.053452,22,353.444,352,365,367,387,0.053452
b3l2,100pct_Q4_DEC,Q4_DEC,200000,2.0199,0.495064,10,51.946,50,94,106,141,0.495064
b3l2,alt_Q8ENC_Q4DEC,Q8_ENC,100000,10.8534,0.092137,26,235.764,236,240,243,259,0.046069
b3l2,alt_Q8ENC_Q4DEC,Q4_DEC,100000,10.8534,0.092137,28,218.064,218,222,226,246,0.046069
b3l2,alt_Q8ENC_Q8DEC,Q8_ENC,100000,10.8533,0.092137,25,235.761,236,240,243,262,0.046069
b3l2,alt_Q8ENC_Q8DEC,Q8_DEC,100000,10.8533,0.092137,25,218.065,218,222,226,242,0.046069
b3l2,alt_Q4ENC_Q4DEC,Q4_ENC,100000,9.3533,0.106914,24,202.777,203,207,210,226,0.053457
b3l2,alt_Q4ENC_Q4DEC,Q4_DEC,100000,9.3533,0.106914,24,188.065,188,192,196,210,0.053457
b3l2,adversarial_HOL_pattern,Q8_ENC,33334,4.1179,0.242843,26,94.998,99,102,104,111,0.040475
b3l2,adversarial_HOL_pattern,Q8_DEC,100000,4.1179,0.242843,27,87.045,86,102,105,115,0.121422
b3l2,adversarial_HOL_pattern,Q4_DEC,66666,4.1179,0.242843,27,89.779,88,104,107,117,0.080947
b3l4,uniform_random_modes,Q8_ENC,50101,7.0354,0.142139,55,180.856,180,243,271,331,0.035607
b3l4,uniform_random_modes,Q8_DEC,49842,7.0354,0.142139,10,169.637,168,230,257,316,0.035422
b3l4,uniform_random_modes,Q4_ENC,49809,7.0354,0.142139,22,178.462,177,239,265,328,0.035399
b3l4,uniform_random_modes,Q4_DEC,50248,7.0354,0.142139,10,169.735,169,230,256,326,0.035711
b3l4,realistic_reconstructed_mix_SIMULATED,Q8_ENC,39964,4.9299,0.202845,28,132.667,130,200,231,310,0.040532
b3l4,realistic_reconstructed_mix_SIMULATED,Q8_DEC,80251,4.9299,0.202845,10,120.607,118,184,214,288,0.081392
b3l4,realistic_reconstructed_mix_SIMULATED,Q4_ENC,19996,4.9299,0.202845,23,125.190,122,187,219,290,0.020280
b3l4,realistic_reconstructed_mix_SIMULATED,Q4_DEC,59789,4.9299,0.202845,11,120.386,118,184,215,298,0.060639
b3l4,10pct_Q8ENC_90pct_other,Q8_ENC,20208,6.0897,0.164212,48,152.624,151,214,242,293,0.016592
b3l4,10pct_Q8ENC_90pct_other,Q8_DEC,59634,6.0897,0.164212,13,147.449,146,208,237,320,0.048963
b3l4,10pct_Q8ENC_90pct_other,Q4_ENC,60122,6.0897,0.164212,13,158.993,158,223,250,320,0.049364
b3l4,10pct_Q8ENC_90pct_other,Q4_DEC,60036,6.0897,0.164212,13,147.495,146,209,236,303,0.049293
b3l4,20pct_Q8ENC_80pct_other,Q8_ENC,39857,6.5937,0.151659,25,169.046,168,230,256,320,0.030223
b3l4,20pct_Q8ENC_80pct_other,Q8_DEC,53862,6.5937,0.151659,50,159.876,159,218,244,316,0.040843
b3l4,20pct_Q8ENC_80pct_other,Q4_ENC,54197,6.5937,0.151659,42,169.593,169,231,256,329,0.041097
b3l4,20pct_Q8ENC_80pct_other,Q4_DEC,52084,6.5937,0.151659,41,159.539,159,218,244,329,0.039495
b3l4,25pct_Q8ENC_75pct_other,Q8_ENC,50448,7.0575,0.141694,30,181.375,180,245,273,350,0.035741
b3l4,25pct_Q8ENC_75pct_other,Q8_DEC,49898,7.0575,0.141694,11,170.075,169,231,259,354,0.035351
b3l4,25pct_Q8ENC_75pct_other,Q4_ENC,49989,7.0575,0.141694,13,178.817,178,240,267,338,0.035416
b3l4,25pct_Q8ENC_75pct_other,Q4_DEC,49665,7.0575,0.141694,11,170.201,169,231,260,351,0.035186
b3l4,40pct_Q8ENC_60pct_other,Q8_ENC,80082,9.2534,0.108068,24,231.780,231,304,334,422,0.043272
b3l4,40pct_Q8ENC_60pct_other,Q8_DEC,40136,9.2534,0.108068,74,216.578,215,286,317,402,0.021687
b3l4,40pct_Q8ENC_60pct_other,Q4_ENC,40000,9.2534,0.108068,24,222.452,222,291,321,400,0.021614
b3l4,40pct_Q8ENC_60pct_other,Q4_DEC,39782,9.2534,0.108068,24,216.328,215,286,317,382,0.021496
b3l4,60pct_Q8ENC_40pct_other,Q8_ENC,119847,13.1248,0.076192,13,308.401,308,381,408,471,0.045657
b3l4,60pct_Q8ENC_40pct_other,Q8_DEC,27838,13.1248,0.076192,16,290.442,291,362,388,445,0.010605
b3l4,60pct_Q8ENC_40pct_other,Q4_ENC,26486,13.1248,0.076192,9,293.589,294,364,389,447,0.010090
b3l4,60pct_Q8ENC_40pct_other,Q4_DEC,25829,13.1248,0.076192,11,290.790,291,362,388,435,0.009840
b3l4,100pct_Q8_ENC,Q8_ENC,200000,21.7082,0.046066,26,453.846,455,458,466,480,0.046066
b3l4,100pct_Q8_DEC,Q8_DEC,200000,2.0223,0.494474,10,54.053,54,94,104,131,0.494474
b3l4,100pct_Q4_ENC,Q4_ENC,200000,18.7082,0.053452,25,390.859,392,395,403,417,0.053452
b3l4,100pct_Q4_DEC,Q4_DEC,200000,2.0261,0.493548,10,51.029,50,93,104,128,0.493548
b3l4,alt_Q8ENC_Q4DEC,Q8_ENC,100000,10.8533,0.092138,26,279.164,282,285,288,305,0.046069
b3l4,alt_Q8ENC_Q4DEC,Q4_DEC,100000,10.8533,0.092138,27,261.451,263,268,271,286,0.046069
b3l4,alt_Q8ENC_Q8DEC,Q8_ENC,100000,10.8533,0.092138,25,279.170,282,285,288,305,0.046069
b3l4,alt_Q8ENC_Q8DEC,Q8_DEC,100000,10.8533,0.092138,25,261.467,263,268,271,286,0.046069
b3l4,alt_Q4ENC_Q4DEC,Q4_ENC,100000,9.3533,0.106914,22,240.196,243,246,249,263,0.053457
b3l4,alt_Q4ENC_Q4DEC,Q4_DEC,100000,9.3533,0.106914,24,225.493,227,232,235,249,0.053457
b3l4,adversarial_HOL_pattern,Q8_ENC,33334,3.7846,0.264231,27,107.742,113,116,118,137,0.044039
b3l4,adversarial_HOL_pattern,Q8_DEC,100000,3.7846,0.264231,31,94.152,96,104,108,129,0.132116
b3l4,adversarial_HOL_pattern,Q4_DEC,66666,3.7846,0.264231,33,94.038,96,104,107,129,0.088076
b3split,uniform_random_modes,Q8_ENC,44183,6.2749,0.159364,24,133.386,133,165,182,212,0.035206
b3split,uniform_random_modes,Q8_DEC,55734,6.2749,0.159364,9,129.544,128,161,177,208,0.044410
b3split,uniform_random_modes,Q4_ENC,43854,6.2749,0.159364,14,130.155,129,159,173,203,0.034944
b3split,uniform_random_modes,Q4_DEC,56229,6.2749,0.159364,11,129.694,129,161,177,211,0.044804
b3split,realistic_reconstructed_mix_SIMULATED,Q8_ENC,56721,6.7144,0.148934,13,143.560,142,183,201,215,0.042238
b3split,realistic_reconstructed_mix_SIMULATED,Q8_DEC,65560,6.7144,0.148934,10,138.239,137,179,194,217,0.048821
b3split,realistic_reconstructed_mix_SIMULATED,Q4_ENC,28381,6.7144,0.148934,61,134.711,134,170,183,198,0.021135
b3split,realistic_reconstructed_mix_SIMULATED,Q4_DEC,49338,6.7144,0.148934,9,138.209,137,179,193,212,0.036741
b3split,10pct_Q8ENC_90pct_other,Q8_ENC,21472,6.4927,0.154019,24,131.875,132,161,168,183,0.016535
b3split,10pct_Q8ENC_90pct_other,Q8_DEC,56919,6.4927,0.154019,16,133.633,133,164,177,190,0.043833
b3split,10pct_Q8ENC_90pct_other,Q4_ENC,64679,6.4927,0.154019,21,137.147,137,167,179,192,0.049809
b3split,10pct_Q8ENC_90pct_other,Q4_DEC,56930,6.4927,0.154019,22,133.655,133,164,177,192,0.043841
b3split,20pct_Q8ENC_80pct_other,Q8_ENC,37346,6.1789,0.161841,74,130.188,130,159,173,208,0.030220
b3split,20pct_Q8ENC_80pct_other,Q8_DEC,57493,6.1789,0.161841,10,127.623,127,157,170,206,0.046524
b3split,20pct_Q8ENC_80pct_other,Q4_ENC,50310,6.1789,0.161841,23,129.524,129,158,171,201,0.040711
b3split,20pct_Q8ENC_80pct_other,Q4_DEC,54851,6.1789,0.161841,10,127.765,127,157,171,206,0.044386
b3split,25pct_Q8ENC_75pct_other,Q8_ENC,44098,6.2672,0.159561,12,133.299,132,165,183,211,0.035182
b3split,25pct_Q8ENC_75pct_other,Q8_DEC,56004,6.2672,0.159561,19,129.420,128,160,177,208,0.044680
b3split,25pct_Q8ENC_75pct_other,Q4_ENC,43952,6.2672,0.159561,28,129.978,129,159,173,197,0.035065
b3split,25pct_Q8ENC_75pct_other,Q4_DEC,55946,6.2672,0.159561,10,129.559,128,161,177,210,0.044634
b3split,40pct_Q8ENC_60pct_other,Q8_ENC,59143,6.9272,0.144357,23,146.950,146,184,202,214,0.042689
b3split,40pct_Q8ENC_60pct_other,Q8_DEC,55915,6.9272,0.144357,24,141.979,141,180,194,216,0.040359
b3split,40pct_Q8ENC_60pct_other,Q4_ENC,29581,6.9272,0.144357,27,138.455,137,172,185,200,0.021351
b3split,40pct_Q8ENC_60pct_other,Q4_DEC,55361,6.9272,0.144357,76,141.765,141,180,194,212,0.039959
b3split,60pct_Q8ENC_40pct_other,Q8_ENC,73464,8.0076,0.124881,13,165.581,168,198,207,218,0.045871
b3split,60pct_Q8ENC_40pct_other,Q8_DEC,57247,8.0076,0.124881,82,159.843,161,193,204,222,0.035745
b3split,60pct_Q8ENC_40pct_other,Q4_ENC,15897,8.0076,0.124881,47,153.091,154,184,191,207,0.009926
b3split,60pct_Q8ENC_40pct_other,Q4_DEC,53392,8.0076,0.124881,10,159.909,161,193,204,231,0.033338
b3split,100pct_Q8_ENC,Q8_ENC,200000,21.7082,0.046066,24,194.376,199,208,211,221,0.046066
b3split,100pct_Q8_DEC,Q8_DEC,200000,2.0379,0.490698,9,36.809,36,65,74,95,0.490698
b3split,100pct_Q4_ENC,Q4_ENC,200000,18.7082,0.053452,21,167.367,172,181,184,193,0.053452
b3split,100pct_Q4_DEC,Q4_DEC,200000,2.0358,0.491195,9,36.744,36,65,73,101,0.491195
b3split,alt_Q8ENC_Q4DEC,Q8_ENC,100000,10.8533,0.092137,24,195.349,194,207,209,218,0.046069
b3split,alt_Q8ENC_Q4DEC,Q4_DEC,100000,10.8533,0.092137,24,196.357,195,208,211,221,0.046069
b3split,alt_Q8ENC_Q8DEC,Q8_ENC,100000,10.8533,0.092138,25,195.354,194,207,209,219,0.046069
b3split,alt_Q8ENC_Q8DEC,Q8_DEC,100000,10.8533,0.092138,26,196.357,195,208,211,224,0.046069
b3split,alt_Q4ENC_Q4DEC,Q4_ENC,100000,9.3533,0.106914,24,168.372,167,180,182,193,0.053457
b3split,alt_Q4ENC_Q4DEC,Q4_DEC,100000,9.3533,0.106914,27,169.375,168,181,184,193,0.053457
b3split,adversarial_HOL_pattern,Q8_ENC,33334,3.6179,0.276404,24,61.409,64,67,70,78,0.046068
b3split,adversarial_HOL_pattern,Q8_DEC,100000,3.6179,0.276404,24,54.123,53,67,70,80,0.138202
b3split,adversarial_HOL_pattern,Q4_DEC,66666,3.6179,0.276404,24,55.091,54,67,70,79,0.092134
