scope,variant,generic_total_cells,ecp5_total_cells,LUT4,CCU2C,PFUMX,L6MUX21,FF,latency_cycles,initiation_interval,synthesizable,notes
standalone_unit,baseline_membrane_fp_divider,10234,73629,37998,10173,15848,9577,33,1,1,yes,"single-cycle wide combinational 24x24-bit integer divide -- reproduced from results/synthesis.csv row 2"
standalone_unit,b2_fp32_div_iterative_exact,1223,1471,847,64,238,142,180,3-29 (measured min-max),29 (measured),yes,"radix-2 restoring division, 1 quotient bit/cycle, 26-cycle main iteration -- reproduced from results/synthesis.csv row 4"
standalone_unit,b4_fp32_div_iterative_radix4_exact,1556,1509,883,88,235,123,180,"2-35 (measured min-max, this run)","15 (general path, inferred from single-in-flight design -- see results/b4-differential.json)",yes,"radix-4 restoring division (two chained radix-2 steps per cycle), 2 quotient bits/cycle, 13-cycle main iteration. ECP5 cells nearly IDENTICAL to B2 (+2.6%, 1509 vs 1471) despite roughly double the combinational logic per cycle (two chained compare-subtract steps) -- FF count IDENTICAL (180, same quot_reg/rem_reg/control registers, no new pipeline stages)"
q4_scale_integration,baseline_q4_scale,21666,74382,38524,10374,15866,9520,98,2,1,yes,"reproduced from results/synthesis.csv row 5"
q4_scale_integration,b1_q4_scale_b1,11658,72727,37514,10347,15878,8890,98,2,1,yes,"reproduced from results/synthesis.csv row 6"
q4_scale_integration,b2_q4_scale_b2,2646,2268,1343,243,296,148,238,3-32 (measured min-max),29 (measured),yes,"reproduced from results/synthesis.csv row 7"
q4_scale_integration,b4_q4_scale_b4,2978,2836,1627,267,444,260,238,"2-18ish (measured, general path ~15 + u_div_d's 1 cycle)",15-16 (inferred),yes,"selected variant -- FF count IDENTICAL to B2 (238, u_div_d unchanged); ECP5 cells +25.0% vs B2 (2836 vs 2268) for a -32.1% overall cycles/transaction improvement (results/b4-full-datapath.json) -- a far better area-for-throughput trade than Phase B3's reorder buffer (which cost MORE area than the entire q4_scale_b2 unit for only a 4-5% throughput gain)"
whole_top_level,baseline_membrane_quant_stream_top,UNAVAILABLE,UNAVAILABLE,,,,,,7 (uniform all modes),1,not_attempted,"reproduced from results/synthesis.csv row 8 -- not re-attempted this phase"
whole_top_level,b4_membrane_quant_stream_top_b4,UNAVAILABLE,UNAVAILABLE,,,,,,"7 (Q8_ENC/Q8_DEC/Q4_DEC, uniform); Q4_ENC variable, measured mean 270.052 cycles (results/b4-full-datapath.json)","variable (Q4_ENC serializes against all other issuance, same B2-style scheduling)",not_attempted,"synth_ecp5 timed out at the 300s soft bound under this session's 5.6GiB RAM constraint (same precedent as baseline/B1/B2/B3's own whole-top attempts, all UNAVAILABLE) -- NOT a synthesizability failure; the whole design's real BEHAVIOR is fully exercised by the 1,110,000-transaction Verilator cosimulation (results/b4-full-datapath.json)"
