scope,variant,generic_total_cells,ecp5_total_cells,LUT4,CCU2C,PFUMX,L6MUX21,FF,divider_instance_count,state_registers,latency_cycles,initiation_interval,max_in_flight,synthesizable,notes
standalone_unit,baseline_membrane_fp_divider,10234,73629,37998,10173,15848,9577,33,1,0,1,1,1,yes,"single-cycle wide combinational 24x24-bit integer divide (Verilog / and % operators), DELAY=1 output register only"
standalone_unit,b1_fp32_scale_neg_pow2,223,126,65,10,13,5,33,0,0,1,1,1,yes,"replaces mx/-8.0f (constant power-of-two divisor) with exponent-subtract+sign-flip, no membrane_fp_divider instance, no FSM"
standalone_unit,b2_fp32_div_iterative_exact,1223,1471,847,64,238,142,180,0,3,"3-29 (measured min-max, EARLY_OUT_SPECIAL vs general path)","29 (measured, single in-flight)",1,yes,"radix-2 restoring-division iteration, 26-cycle mantissa division, 3-bit FSM (IDLE/ITER/ROUND/DRAIN/DONE), replaces the wide combinational divide with ~180 FFs + small ALU; no membrane_fp_divider instance"
q4_scale,baseline_q4_scale,21666,74382,38524,10374,15866,9520,98,2,0,2,1,1,yes,"2x membrane_fp_divider (u_div_d: mx/-8.0f constant, u_div_id: 1/d variable), fixed 2-cycle chained latency, ABC shares most cost between the two instances"
q4_scale,b1_q4_scale_b1,11658,72727,37514,10347,15878,8890,98,1,0,2,1,1,yes,"u_div_d -> fp32_scale_neg_pow2 (no membrane_fp_divider instance); u_div_id unchanged (1x membrane_fp_divider remains, still the dominant cost)"
q4_scale,b2_q4_scale_b2,2646,2268,1343,243,296,148,238,0,3,"3-32 (measured min-max: EARLY_OUT_SPECIAL path + f32_to_f16 conversion overhead)","29 (measured, single in-flight)",1,yes,"u_div_d -> fp32_scale_neg_pow2 (unchanged from B1); u_div_id -> fp32_div_iterative_exact (iterative, no membrane_fp_divider instance anywhere in this module) -- both remaining divider call sites now free of the wide combinational divide"
whole_top_level,baseline_membrane_quant_stream_top,UNAVAILABLE,UNAVAILABLE,,,,,,4,0,"7 (uniform, all modes)",1,32,not_attempted,"synth attempt timed out (>5min) under this session's 5.6GiB RAM / concurrent desktop memory pressure (see experiment.md Environment) -- not a synthesizability failure, just not completed in this session; same as Phase A/B1's own precedent of only synthesizing standalone+q4_scale levels"
whole_top_level,b1_membrane_quant_stream_top_b1,UNAVAILABLE,UNAVAILABLE,,,,,,4,0,"7 (uniform, all modes)",1,32,not_attempted,"not attempted this session, same reason as baseline row above"
whole_top_level,b2_membrane_quant_stream_top_b2,UNAVAILABLE,UNAVAILABLE,,,,,,2,3,"7 (Q8_ENC/Q8_DEC/Q4_DEC, uniform); Q4_ENC variable, measured mean 473 cycles (see b2-full-datapath.json)",variable (Q4_ENC serializes against all other issuance),1 (Q4_0 encode only; other 3 modes remain pipelined up to 32),not_attempted,"not attempted this session, same reason as baseline row above; Verilator cosimulation (not yosys synthesis) already exercises this whole design in full, see results/b2-full-datapath.json"
