group,model,context_label,context_is_real,policy,host_cache_total_bytes,device_total_bytes,concurrency,coalescing_window,microbatch_max_wait_ns,microbatch_max_batch_blocks,p50_latency_ns,p95_latency_ns,p99_latency_ns,tokens_per_sec,sequences_fit,mean_bytes_per_token,link_util_pct,quant_util_pct,bottleneck,host_capacity_bound,device_capacity_bound,calib_hit_rate,calib_precision,calib_recall,calib_working_set_blocks,coalesced_naive_requests,coalesced_requests,coalesced_wasted_bytes
capacity-matrix,SmolLM2-135M,4K-real,true,no-prefetch,4294967296,549755813888,8,0,0.0,0,15673981.19,15673981.19,15673981.19,510.40,8,13709.33,0.00,0.01,host_cache_capacity,true,false,0.9948,0.0000,0.0000,0.000,0,0,0
capacity-matrix,SmolLM2-135M,4K-real,true,no-prefetch,67108864,549755813888,8,0,0.0,0,15673981.19,15673981.19,15673981.19,510.40,8,1821988.30,0.24,0.91,host_cache_capacity,true,false,0.3050,0.0000,0.0000,0.000,0,0,0
capacity-matrix,SmolLM2-135M,4K-real,true,no-prefetch,1073741824,2199023255552,8,0,0.0,0,15673981.19,15673981.19,15673981.19,510.40,8,13709.33,0.00,0.01,host_cache_capacity,true,false,0.9948,0.0000,0.0000,0.000,0,0,0
capacity-matrix,SmolLM2-135M,4K-real,true,no-prefetch,1073741824,1099511627776,8,0,0.0,0,15673981.19,15673981.19,15673981.19,510.40,8,13709.33,0.00,0.01,host_cache_capacity,true,false,0.9948,0.0000,0.0000,0.000,0,0,0
capacity-matrix,SmolLM2-135M,4K-real,true,no-prefetch,268435456,1099511627776,8,0,0.0,0,15673981.19,15673981.19,15673981.19,510.40,8,45757.30,0.01,0.02,host_cache_capacity,true,false,0.9825,0.0000,0.0000,0.000,0,0,0
capacity-matrix,SmolLM2-135M,4K-real,true,no-prefetch,268435456,549755813888,8,0,0.0,0,15673981.19,15673981.19,15673981.19,510.40,8,45757.30,0.01,0.02,host_cache_capacity,true,false,0.9825,0.0000,0.0000,0.000,0,0,0
capacity-matrix,SmolLM2-135M,4K-real,true,no-prefetch,1073741824,549755813888,8,0,0.0,0,15673981.19,15673981.19,15673981.19,510.40,8,13709.33,0.00,0.01,host_cache_capacity,true,false,0.9948,0.0000,0.0000,0.000,0,0,0
capacity-matrix,SmolLM2-135M,4K-real,true,no-prefetch,268435456,2199023255552,8,0,0.0,0,15673981.19,15673981.19,15673981.19,510.40,8,45757.30,0.01,0.02,host_cache_capacity,true,false,0.9825,0.0000,0.0000,0.000,0,0,0
capacity-matrix,SmolLM2-135M,4K-real,true,no-prefetch,67108864,1099511627776,8,0,0.0,0,15673981.19,15673981.19,15673981.19,510.40,8,1821988.30,0.24,0.91,host_cache_capacity,true,false,0.3050,0.0000,0.0000,0.000,0,0,0
capacity-matrix,SmolLM2-135M,4K-real,true,no-prefetch,67108864,2199023255552,8,0,0.0,0,15673981.19,15673981.19,15673981.19,510.40,8,1821988.30,0.24,0.91,host_cache_capacity,true,false,0.3050,0.0000,0.0000,0.000,0,0,0
capacity-matrix,SmolLM2-135M,4K-real,true,no-prefetch,4294967296,1099511627776,8,0,0.0,0,15673981.19,15673981.19,15673981.19,510.40,8,13709.33,0.00,0.01,host_cache_capacity,true,false,0.9948,0.0000,0.0000,0.000,0,0,0
capacity-matrix,SmolLM2-135M,4K-real,true,no-prefetch,4294967296,2199023255552,8,0,0.0,0,15673981.19,15673981.19,15673981.19,510.40,8,13709.33,0.00,0.01,host_cache_capacity,true,false,0.9948,0.0000,0.0000,0.000,0,0,0
capacity-matrix,SmolLM2-135M,4K-real,true,no-prefetch,8589934592,549755813888,8,0,0.0,0,15673981.19,15673981.19,15673981.19,510.40,8,13709.33,0.00,0.01,host_cache_capacity,true,false,0.9948,0.0000,0.0000,0.000,0,0,0
capacity-matrix,SmolLM2-135M,4K-real,true,no-prefetch,8589934592,1099511627776,8,0,0.0,0,15673981.19,15673981.19,15673981.19,510.40,8,13709.33,0.00,0.01,host_cache_capacity,true,false,0.9948,0.0000,0.0000,0.000,0,0,0
capacity-matrix,SmolLM2-135M,4K-real,true,no-prefetch,8589934592,2199023255552,8,0,0.0,0,15673981.19,15673981.19,15673981.19,510.40,8,13709.33,0.00,0.01,host_cache_capacity,true,false,0.9948,0.0000,0.0000,0.000,0,0,0
capacity-matrix,SmolLM2-135M,4K-real,true,topk-attention-blocks,268435456,549755813888,8,0,0.0,0,15673981.19,15673981.19,15673981.19,510.40,8,46168.39,0.01,0.02,host_cache_capacity,true,false,0.9830,0.7523,0.7526,6.685,0,0,0
capacity-matrix,SmolLM2-135M,4K-real,true,topk-attention-blocks,268435456,1099511627776,8,0,0.0,0,15673981.19,15673981.19,15673981.19,510.40,8,46168.39,0.01,0.02,host_cache_capacity,true,false,0.9830,0.7523,0.7526,6.685,0,0,0
capacity-matrix,SmolLM2-135M,4K-real,true,topk-attention-blocks,268435456,2199023255552,8,0,0.0,0,15673981.19,15673981.19,15673981.19,510.40,8,46168.39,0.01,0.02,host_cache_capacity,true,false,0.9830,0.7523,0.7526,6.685,0,0,0
capacity-matrix,SmolLM2-135M,4K-real,true,topk-attention-blocks,1073741824,549755813888,8,0,0.0,0,15673981.19,15673981.19,15673981.19,510.40,8,13765.90,0.00,0.01,host_cache_capacity,true,false,0.9953,0.7523,0.7526,6.685,0,0,0
capacity-matrix,SmolLM2-135M,4K-real,true,topk-attention-blocks,67108864,1099511627776,8,0,0.0,0,15673981.19,15673981.19,15673981.19,510.40,8,2388759.66,0.32,0.25,host_cache_capacity,true,false,0.8056,0.7523,0.7526,6.685,0,0,0
capacity-matrix,SmolLM2-135M,4K-real,true,topk-attention-blocks,67108864,549755813888,8,0,0.0,0,15673981.19,15673981.19,15673981.19,510.40,8,2388759.66,0.32,0.25,host_cache_capacity,true,false,0.8056,0.7523,0.7526,6.685,0,0,0
capacity-matrix,SmolLM2-135M,4K-real,true,topk-attention-blocks,67108864,2199023255552,8,0,0.0,0,15673981.19,15673981.19,15673981.19,510.40,8,2388759.66,0.32,0.25,host_cache_capacity,true,false,0.8056,0.7523,0.7526,6.685,0,0,0
capacity-matrix,SmolLM2-135M,4K-real,true,topk-attention-blocks,1073741824,1099511627776,8,0,0.0,0,15673981.19,15673981.19,15673981.19,510.40,8,13765.90,0.00,0.01,host_cache_capacity,true,false,0.9953,0.7523,0.7526,6.685,0,0,0
capacity-matrix,SmolLM2-135M,4K-real,true,topk-attention-blocks,4294967296,549755813888,8,0,0.0,0,15673981.19,15673981.19,15673981.19,510.40,8,13765.90,0.00,0.01,host_cache_capacity,true,false,0.9953,0.7523,0.7526,6.685,0,0,0
capacity-matrix,SmolLM2-135M,4K-real,true,topk-attention-blocks,1073741824,2199023255552,8,0,0.0,0,15673981.19,15673981.19,15673981.19,510.40,8,13765.90,0.00,0.01,host_cache_capacity,true,false,0.9953,0.7523,0.7526,6.685,0,0,0
capacity-matrix,SmolLM2-135M,4K-real,true,topk-attention-blocks,8589934592,549755813888,8,0,0.0,0,15673981.19,15673981.19,15673981.19,510.40,8,13765.90,0.00,0.01,host_cache_capacity,true,false,0.9953,0.7523,0.7526,6.685,0,0,0
capacity-matrix,SmolLM2-135M,4K-real,true,topk-attention-blocks,8589934592,1099511627776,8,0,0.0,0,15673981.19,15673981.19,15673981.19,510.40,8,13765.90,0.00,0.01,host_cache_capacity,true,false,0.9953,0.7523,0.7526,6.685,0,0,0
capacity-matrix,SmolLM2-135M,4K-real,true,topk-attention-blocks,4294967296,1099511627776,8,0,0.0,0,15673981.19,15673981.19,15673981.19,510.40,8,13765.90,0.00,0.01,host_cache_capacity,true,false,0.9953,0.7523,0.7526,6.685,0,0,0
capacity-matrix,SmolLM2-135M,4K-real,true,topk-attention-blocks,4294967296,2199023255552,8,0,0.0,0,15673981.19,15673981.19,15673981.19,510.40,8,13765.90,0.00,0.01,host_cache_capacity,true,false,0.9953,0.7523,0.7526,6.685,0,0,0
capacity-matrix,SmolLM2-135M,4K-real,true,topk-attention-blocks,8589934592,2199023255552,8,0,0.0,0,15673981.19,15673981.19,15673981.19,510.40,8,13765.90,0.00,0.01,host_cache_capacity,true,false,0.9953,0.7523,0.7526,6.685,0,0,0
capacity-matrix,SmolLM2-135M,4K-real,true,recency+sinks,1073741824,549755813888,8,0,0.0,0,15673981.19,15673981.19,15673981.19,510.40,8,13789.19,0.00,0.00,compute,false,false,1.0000,0.2973,0.7563,17.000,0,0,0
capacity-matrix,SmolLM2-135M,4K-real,true,recency+sinks,268435456,2199023255552,8,0,0.0,0,15673981.19,15673981.19,15673981.19,510.40,8,572693.77,0.08,0.03,host_cache_capacity,true,false,0.9779,0.2973,0.7563,17.000,0,0,0
capacity-matrix,SmolLM2-135M,4K-real,true,recency+sinks,268435456,549755813888,8,0,0.0,0,15673981.19,15673981.19,15673981.19,510.40,8,572693.77,0.08,0.03,host_cache_capacity,true,false,0.9779,0.2973,0.7563,17.000,0,0,0
capacity-matrix,SmolLM2-135M,4K-real,true,recency+sinks,268435456,1099511627776,8,0,0.0,0,15673981.19,15673981.19,15673981.19,510.40,8,572693.77,0.08,0.03,host_cache_capacity,true,false,0.9779,0.2973,0.7563,17.000,0,0,0
capacity-matrix,SmolLM2-135M,4K-real,true,recency+sinks,1073741824,1099511627776,8,0,0.0,0,15673981.19,15673981.19,15673981.19,510.40,8,13789.19,0.00,0.00,compute,false,false,1.0000,0.2973,0.7563,17.000,0,0,0
capacity-matrix,SmolLM2-135M,4K-real,true,recency+sinks,1073741824,2199023255552,8,0,0.0,0,15673981.19,15673981.19,15673981.19,510.40,8,13789.19,0.00,0.00,compute,false,false,1.0000,0.2973,0.7563,17.000,0,0,0
capacity-matrix,SmolLM2-135M,4K-real,true,recency+sinks,4294967296,549755813888,8,0,0.0,0,15673981.19,15673981.19,15673981.19,510.40,8,13789.19,0.00,0.00,compute,false,false,1.0000,0.2973,0.7563,17.000,0,0,0
capacity-matrix,SmolLM2-135M,4K-real,true,recency+sinks,4294967296,1099511627776,8,0,0.0,0,15673981.19,15673981.19,15673981.19,510.40,8,13789.19,0.00,0.00,compute,false,false,1.0000,0.2973,0.7563,17.000,0,0,0
capacity-matrix,SmolLM2-135M,4K-real,true,recency+sinks,4294967296,2199023255552,8,0,0.0,0,15673981.19,15673981.19,15673981.19,510.40,8,13789.19,0.00,0.00,compute,false,false,1.0000,0.2973,0.7563,17.000,0,0,0
capacity-matrix,SmolLM2-135M,4K-real,true,recency+sinks,8589934592,549755813888,8,0,0.0,0,15673981.19,15673981.19,15673981.19,510.40,8,13789.19,0.00,0.00,compute,false,false,1.0000,0.2973,0.7563,17.000,0,0,0
capacity-matrix,SmolLM2-135M,4K-real,true,recency+sinks,8589934592,1099511627776,8,0,0.0,0,15673981.19,15673981.19,15673981.19,510.40,8,13789.19,0.00,0.00,compute,false,false,1.0000,0.2973,0.7563,17.000,0,0,0
capacity-matrix,SmolLM2-135M,4K-real,true,recency+sinks,8589934592,2199023255552,8,0,0.0,0,15673981.19,15673981.19,15673981.19,510.40,8,13789.19,0.00,0.00,compute,false,false,1.0000,0.2973,0.7563,17.000,0,0,0
capacity-matrix,SmolLM2-135M,4K-real,true,recency+sinks,67108864,549755813888,8,0,0.0,0,15673981.19,15673981.19,15673981.19,510.40,8,6166400.10,0.82,0.21,host_cache_capacity,true,false,0.8400,0.2973,0.7563,17.000,0,0,0
capacity-matrix,SmolLM2-135M,4K-real,true,recency+sinks,67108864,1099511627776,8,0,0.0,0,15673981.19,15673981.19,15673981.19,510.40,8,6166400.10,0.82,0.21,host_cache_capacity,true,false,0.8400,0.2973,0.7563,17.000,0,0,0
capacity-matrix,SmolLM2-135M,4K-real,true,recency+sinks,67108864,2199023255552,8,0,0.0,0,15673981.19,15673981.19,15673981.19,510.40,8,6166400.10,0.82,0.21,host_cache_capacity,true,false,0.8400,0.2973,0.7563,17.000,0,0,0
capacity-matrix,SmolLM2-135M,4K-real,true,heavy-hitter-blocks,268435456,549755813888,8,0,0.0,0,15673981.19,15673981.19,15673981.19,510.40,8,51528.94,0.01,0.02,host_cache_capacity,true,false,0.9830,0.5561,0.6657,7.998,0,0,0
capacity-matrix,SmolLM2-135M,4K-real,true,heavy-hitter-blocks,268435456,1099511627776,8,0,0.0,0,15673981.19,15673981.19,15673981.19,510.40,8,51528.94,0.01,0.02,host_cache_capacity,true,false,0.9830,0.5561,0.6657,7.998,0,0,0
capacity-matrix,SmolLM2-135M,4K-real,true,heavy-hitter-blocks,268435456,2199023255552,8,0,0.0,0,15673981.19,15673981.19,15673981.19,510.40,8,51528.94,0.01,0.02,host_cache_capacity,true,false,0.9830,0.5561,0.6657,7.998,0,0,0
capacity-matrix,SmolLM2-135M,4K-real,true,heavy-hitter-blocks,4294967296,549755813888,8,0,0.0,0,15673981.19,15673981.19,15673981.19,510.40,8,13765.90,0.00,0.01,host_cache_capacity,true,false,0.9953,0.5561,0.6657,7.998,0,0,0
capacity-matrix,SmolLM2-135M,4K-real,true,heavy-hitter-blocks,4294967296,1099511627776,8,0,0.0,0,15673981.19,15673981.19,15673981.19,510.40,8,13765.90,0.00,0.01,host_cache_capacity,true,false,0.9953,0.5561,0.6657,7.998,0,0,0
capacity-matrix,SmolLM2-135M,4K-real,true,heavy-hitter-blocks,1073741824,1099511627776,8,0,0.0,0,15673981.19,15673981.19,15673981.19,510.40,8,13765.90,0.00,0.01,host_cache_capacity,true,false,0.9953,0.5561,0.6657,7.998,0,0,0
capacity-matrix,SmolLM2-135M,4K-real,true,heavy-hitter-blocks,1073741824,549755813888,8,0,0.0,0,15673981.19,15673981.19,15673981.19,510.40,8,13765.90,0.00,0.01,host_cache_capacity,true,false,0.9953,0.5561,0.6657,7.998,0,0,0
capacity-matrix,SmolLM2-135M,4K-real,true,heavy-hitter-blocks,1073741824,2199023255552,8,0,0.0,0,15673981.19,15673981.19,15673981.19,510.40,8,13765.90,0.00,0.01,host_cache_capacity,true,false,0.9953,0.5561,0.6657,7.998,0,0,0
capacity-matrix,SmolLM2-135M,4K-real,true,heavy-hitter-blocks,67108864,1099511627776,8,0,0.0,0,15673981.19,15673981.19,15673981.19,510.40,8,3125305.82,0.42,0.36,host_cache_capacity,true,false,0.7262,0.5561,0.6657,7.998,0,0,0
capacity-matrix,SmolLM2-135M,4K-real,true,heavy-hitter-blocks,67108864,2199023255552,8,0,0.0,0,15673981.19,15673981.19,15673981.19,510.40,8,3125305.82,0.42,0.36,host_cache_capacity,true,false,0.7262,0.5561,0.6657,7.998,0,0,0
capacity-matrix,SmolLM2-135M,4K-real,true,heavy-hitter-blocks,67108864,549755813888,8,0,0.0,0,15673981.19,15673981.19,15673981.19,510.40,8,3125305.82,0.42,0.36,host_cache_capacity,true,false,0.7262,0.5561,0.6657,7.998,0,0,0
capacity-matrix,SmolLM2-135M,4K-real,true,heavy-hitter-blocks,4294967296,2199023255552,8,0,0.0,0,15673981.19,15673981.19,15673981.19,510.40,8,13765.90,0.00,0.01,host_cache_capacity,true,false,0.9953,0.5561,0.6657,7.998,0,0,0
capacity-matrix,SmolLM2-135M,4K-real,true,heavy-hitter-blocks,8589934592,2199023255552,8,0,0.0,0,15673981.19,15673981.19,15673981.19,510.40,8,13765.90,0.00,0.01,host_cache_capacity,true,false,0.9953,0.5561,0.6657,7.998,0,0,0
capacity-matrix,SmolLM2-135M,4K-real,true,heavy-hitter-blocks,8589934592,549755813888,8,0,0.0,0,15673981.19,15673981.19,15673981.19,510.40,8,13765.90,0.00,0.01,host_cache_capacity,true,false,0.9953,0.5561,0.6657,7.998,0,0,0
capacity-matrix,SmolLM2-135M,4K-real,true,heavy-hitter-blocks,8589934592,1099511627776,8,0,0.0,0,15673981.19,15673981.19,15673981.19,510.40,8,13765.90,0.00,0.01,host_cache_capacity,true,false,0.9953,0.5561,0.6657,7.998,0,0,0
capacity-matrix,SmolLM2-135M,4K-real,true,recency-frequency-hybrid,1073741824,549755813888,8,0,0.0,0,15673981.19,15673981.19,15673981.19,510.40,8,13789.20,0.00,0.00,compute,false,false,1.0000,0.2738,0.8049,19.646,0,0,0
capacity-matrix,SmolLM2-135M,4K-real,true,recency-frequency-hybrid,268435456,549755813888,8,0,0.0,0,15673981.19,15673981.19,15673981.19,510.40,8,589731.43,0.08,0.03,host_cache_capacity,true,false,0.9783,0.2738,0.8049,19.646,0,0,0
capacity-matrix,SmolLM2-135M,4K-real,true,recency-frequency-hybrid,1073741824,1099511627776,8,0,0.0,0,15673981.19,15673981.19,15673981.19,510.40,8,13789.20,0.00,0.00,compute,false,false,1.0000,0.2738,0.8049,19.646,0,0,0
capacity-matrix,SmolLM2-135M,4K-real,true,recency-frequency-hybrid,268435456,1099511627776,8,0,0.0,0,15673981.19,15673981.19,15673981.19,510.40,8,589731.43,0.08,0.03,host_cache_capacity,true,false,0.9783,0.2738,0.8049,19.646,0,0,0
capacity-matrix,SmolLM2-135M,4K-real,true,recency-frequency-hybrid,268435456,2199023255552,8,0,0.0,0,15673981.19,15673981.19,15673981.19,510.40,8,589731.43,0.08,0.03,host_cache_capacity,true,false,0.9783,0.2738,0.8049,19.646,0,0,0
capacity-matrix,SmolLM2-135M,4K-real,true,recency-frequency-hybrid,1073741824,2199023255552,8,0,0.0,0,15673981.19,15673981.19,15673981.19,510.40,8,13789.20,0.00,0.00,compute,false,false,1.0000,0.2738,0.8049,19.646,0,0,0
capacity-matrix,SmolLM2-135M,4K-real,true,recency-frequency-hybrid,4294967296,549755813888,8,0,0.0,0,15673981.19,15673981.19,15673981.19,510.40,8,13789.20,0.00,0.00,compute,false,false,1.0000,0.2738,0.8049,19.646,0,0,0
capacity-matrix,SmolLM2-135M,4K-real,true,recency-frequency-hybrid,4294967296,1099511627776,8,0,0.0,0,15673981.19,15673981.19,15673981.19,510.40,8,13789.20,0.00,0.00,compute,false,false,1.0000,0.2738,0.8049,19.646,0,0,0
capacity-matrix,SmolLM2-135M,4K-real,true,recency-frequency-hybrid,67108864,1099511627776,8,0,0.0,0,15673981.19,15673981.19,15673981.19,510.40,8,6518702.59,0.87,0.21,host_cache_capacity,true,false,0.8431,0.2738,0.8049,19.646,0,0,0
capacity-matrix,SmolLM2-135M,4K-real,true,recency-frequency-hybrid,67108864,549755813888,8,0,0.0,0,15673981.19,15673981.19,15673981.19,510.40,8,6518702.59,0.87,0.21,host_cache_capacity,true,false,0.8431,0.2738,0.8049,19.646,0,0,0
capacity-matrix,SmolLM2-135M,4K-real,true,recency-frequency-hybrid,67108864,2199023255552,8,0,0.0,0,15673981.19,15673981.19,15673981.19,510.40,8,6518702.59,0.87,0.21,host_cache_capacity,true,false,0.8431,0.2738,0.8049,19.646,0,0,0
capacity-matrix,SmolLM2-135M,4K-real,true,recency-frequency-hybrid,8589934592,549755813888,8,0,0.0,0,15673981.19,15673981.19,15673981.19,510.40,8,13789.20,0.00,0.00,compute,false,false,1.0000,0.2738,0.8049,19.646,0,0,0
capacity-matrix,SmolLM2-135M,4K-real,true,recency-frequency-hybrid,4294967296,2199023255552,8,0,0.0,0,15673981.19,15673981.19,15673981.19,510.40,8,13789.20,0.00,0.00,compute,false,false,1.0000,0.2738,0.8049,19.646,0,0,0
capacity-matrix,SmolLM2-135M,4K-real,true,recency-frequency-hybrid,8589934592,1099511627776,8,0,0.0,0,15673981.19,15673981.19,15673981.19,510.40,8,13789.20,0.00,0.00,compute,false,false,1.0000,0.2738,0.8049,19.646,0,0,0
capacity-matrix,SmolLM2-135M,4K-real,true,recency-frequency-hybrid,8589934592,2199023255552,8,0,0.0,0,15673981.19,15673981.19,15673981.19,510.40,8,13789.20,0.00,0.00,compute,false,false,1.0000,0.2738,0.8049,19.646,0,0,0
capacity-matrix,SmolLM2-135M,4K-real,true,membrane-predictive,67108864,2199023255552,8,0,0.0,0,15673981.19,15673981.19,15673981.19,510.40,8,3622050.00,0.48,0.24,host_cache_capacity,true,false,0.8155,0.5107,0.7674,10.041,0,0,0
capacity-matrix,SmolLM2-135M,4K-real,true,membrane-predictive,1073741824,549755813888,8,0,0.0,0,15673981.19,15673981.19,15673981.19,510.40,8,13765.91,0.00,0.01,host_cache_capacity,true,false,0.9954,0.5107,0.7674,10.041,0,0,0
capacity-matrix,SmolLM2-135M,4K-real,true,membrane-predictive,268435456,2199023255552,8,0,0.0,0,15673981.19,15673981.19,15673981.19,510.40,8,59875.56,0.01,0.02,host_cache_capacity,true,false,0.9831,0.5107,0.7674,10.041,0,0,0
capacity-matrix,SmolLM2-135M,4K-real,true,membrane-predictive,268435456,549755813888,8,0,0.0,0,15673981.19,15673981.19,15673981.19,510.40,8,59875.56,0.01,0.02,host_cache_capacity,true,false,0.9831,0.5107,0.7674,10.041,0,0,0
capacity-matrix,SmolLM2-135M,4K-real,true,membrane-predictive,268435456,1099511627776,8,0,0.0,0,15673981.19,15673981.19,15673981.19,510.40,8,59875.56,0.01,0.02,host_cache_capacity,true,false,0.9831,0.5107,0.7674,10.041,0,0,0
capacity-matrix,SmolLM2-135M,4K-real,true,membrane-predictive,67108864,549755813888,8,0,0.0,0,15673981.19,15673981.19,15673981.19,510.40,8,3622050.00,0.48,0.24,host_cache_capacity,true,false,0.8155,0.5107,0.7674,10.041,0,0,0
capacity-matrix,SmolLM2-135M,4K-real,true,membrane-predictive,67108864,1099511627776,8,0,0.0,0,15673981.19,15673981.19,15673981.19,510.40,8,3622050.00,0.48,0.24,host_cache_capacity,true,false,0.8155,0.5107,0.7674,10.041,0,0,0
capacity-matrix,SmolLM2-135M,4K-real,true,membrane-predictive,4294967296,1099511627776,8,0,0.0,0,15673981.19,15673981.19,15673981.19,510.40,8,13765.91,0.00,0.01,host_cache_capacity,true,false,0.9954,0.5107,0.7674,10.041,0,0,0
capacity-matrix,SmolLM2-135M,4K-real,true,membrane-predictive,4294967296,2199023255552,8,0,0.0,0,15673981.19,15673981.19,15673981.19,510.40,8,13765.91,0.00,0.01,host_cache_capacity,true,false,0.9954,0.5107,0.7674,10.041,0,0,0
capacity-matrix,SmolLM2-135M,4K-real,true,membrane-predictive,1073741824,1099511627776,8,0,0.0,0,15673981.19,15673981.19,15673981.19,510.40,8,13765.91,0.00,0.01,host_cache_capacity,true,false,0.9954,0.5107,0.7674,10.041,0,0,0
capacity-matrix,SmolLM2-135M,4K-real,true,membrane-predictive,1073741824,2199023255552,8,0,0.0,0,15673981.19,15673981.19,15673981.19,510.40,8,13765.91,0.00,0.01,host_cache_capacity,true,false,0.9954,0.5107,0.7674,10.041,0,0,0
capacity-matrix,SmolLM2-135M,4K-real,true,membrane-predictive,4294967296,549755813888,8,0,0.0,0,15673981.19,15673981.19,15673981.19,510.40,8,13765.91,0.00,0.01,host_cache_capacity,true,false,0.9954,0.5107,0.7674,10.041,0,0,0
capacity-matrix,SmolLM2-135M,4K-real,true,oracle,67108864,2199023255552,8,0,0.0,0,15673981.19,15673981.19,15673981.19,510.40,8,1826665.87,0.24,0.00,compute,false,false,0.9998,1.0000,1.0000,6.682,0,0,0
capacity-matrix,SmolLM2-135M,4K-real,true,oracle,268435456,549755813888,8,0,0.0,0,15673981.19,15673981.19,15673981.19,510.40,8,46061.79,0.01,0.00,compute,false,false,1.0000,1.0000,1.0000,6.682,0,0,0
capacity-matrix,SmolLM2-135M,4K-real,true,oracle,67108864,549755813888,8,0,0.0,0,15673981.19,15673981.19,15673981.19,510.40,8,1826665.87,0.24,0.00,compute,false,false,0.9998,1.0000,1.0000,6.682,0,0,0
capacity-matrix,SmolLM2-135M,4K-real,true,oracle,67108864,1099511627776,8,0,0.0,0,15673981.19,15673981.19,15673981.19,510.40,8,1826665.87,0.24,0.00,compute,false,false,0.9998,1.0000,1.0000,6.682,0,0,0
capacity-matrix,SmolLM2-135M,4K-real,true,oracle,268435456,1099511627776,8,0,0.0,0,15673981.19,15673981.19,15673981.19,510.40,8,46061.79,0.01,0.00,compute,false,false,1.0000,1.0000,1.0000,6.682,0,0,0
capacity-matrix,SmolLM2-135M,4K-real,true,oracle,1073741824,549755813888,8,0,0.0,0,15673981.19,15673981.19,15673981.19,510.40,8,13709.33,0.00,0.00,compute,false,false,1.0000,1.0000,1.0000,6.682,0,0,0
capacity-matrix,SmolLM2-135M,4K-real,true,oracle,268435456,2199023255552,8,0,0.0,0,15673981.19,15673981.19,15673981.19,510.40,8,46061.79,0.01,0.00,compute,false,false,1.0000,1.0000,1.0000,6.682,0,0,0
capacity-matrix,SmolLM2-135M,4K-real,true,oracle,1073741824,1099511627776,8,0,0.0,0,15673981.19,15673981.19,15673981.19,510.40,8,13709.33,0.00,0.00,compute,false,false,1.0000,1.0000,1.0000,6.682,0,0,0
capacity-matrix,SmolLM2-135M,4K-real,true,oracle,1073741824,2199023255552,8,0,0.0,0,15673981.19,15673981.19,15673981.19,510.40,8,13709.33,0.00,0.00,compute,false,false,1.0000,1.0000,1.0000,6.682,0,0,0
capacity-matrix,SmolLM2-135M,4K-real,true,oracle,4294967296,549755813888,8,0,0.0,0,15673981.19,15673981.19,15673981.19,510.40,8,13709.33,0.00,0.00,compute,false,false,1.0000,1.0000,1.0000,6.682,0,0,0
capacity-matrix,SmolLM2-135M,4K-real,true,oracle,4294967296,1099511627776,8,0,0.0,0,15673981.19,15673981.19,15673981.19,510.40,8,13709.33,0.00,0.00,compute,false,false,1.0000,1.0000,1.0000,6.682,0,0,0
capacity-matrix,SmolLM2-135M,4K-real,true,oracle,8589934592,2199023255552,8,0,0.0,0,15673981.19,15673981.19,15673981.19,510.40,8,13709.33,0.00,0.00,compute,false,false,1.0000,1.0000,1.0000,6.682,0,0,0
capacity-matrix,SmolLM2-135M,4K-real,true,oracle,4294967296,2199023255552,8,0,0.0,0,15673981.19,15673981.19,15673981.19,510.40,8,13709.33,0.00,0.00,compute,false,false,1.0000,1.0000,1.0000,6.682,0,0,0
capacity-matrix,SmolLM2-135M,4K-real,true,oracle,8589934592,549755813888,8,0,0.0,0,15673981.19,15673981.19,15673981.19,510.40,8,13709.33,0.00,0.00,compute,false,false,1.0000,1.0000,1.0000,6.682,0,0,0
capacity-matrix,SmolLM2-135M,4K-real,true,oracle,8589934592,1099511627776,8,0,0.0,0,15673981.19,15673981.19,15673981.19,510.40,8,13709.33,0.00,0.00,compute,false,false,1.0000,1.0000,1.0000,6.682,0,0,0
capacity-matrix,SmolLM2-360M,4K-real,true,no-prefetch,67108864,549755813888,8,0,0.0,0,40983606.56,40983606.56,40983606.56,195.20,8,2921533.31,0.15,0.56,host_cache_capacity,true,false,0.2310,0.0000,0.0000,0.000,0,0,0
capacity-matrix,SmolLM2-135M,4K-real,true,membrane-predictive,8589934592,2199023255552,8,0,0.0,0,15673981.19,15673981.19,15673981.19,510.40,8,13765.91,0.00,0.01,host_cache_capacity,true,false,0.9954,0.5107,0.7674,10.041,0,0,0
capacity-matrix,SmolLM2-360M,4K-real,true,no-prefetch,268435456,549755813888,8,0,0.0,0,40983606.56,40983606.56,40983606.56,195.20,8,64485.76,0.00,0.01,host_cache_capacity,true,false,0.9830,0.0000,0.0000,0.000,0,0,0
capacity-matrix,SmolLM2-135M,4K-real,true,membrane-predictive,8589934592,549755813888,8,0,0.0,0,15673981.19,15673981.19,15673981.19,510.40,8,13765.91,0.00,0.01,host_cache_capacity,true,false,0.9954,0.5107,0.7674,10.041,0,0,0
capacity-matrix,SmolLM2-135M,4K-real,true,membrane-predictive,8589934592,1099511627776,8,0,0.0,0,15673981.19,15673981.19,15673981.19,510.40,8,13765.91,0.00,0.01,host_cache_capacity,true,false,0.9954,0.5107,0.7674,10.041,0,0,0
capacity-matrix,SmolLM2-360M,4K-real,true,no-prefetch,67108864,1099511627776,8,0,0.0,0,40983606.56,40983606.56,40983606.56,195.20,8,2921533.31,0.15,0.56,host_cache_capacity,true,false,0.2310,0.0000,0.0000,0.000,0,0,0
capacity-matrix,SmolLM2-360M,4K-real,true,no-prefetch,1073741824,1099511627776,8,0,0.0,0,40983606.56,40983606.56,40983606.56,195.20,8,24436.77,0.00,0.00,host_cache_capacity,true,false,0.9936,0.0000,0.0000,0.000,0,0,0
capacity-matrix,SmolLM2-360M,4K-real,true,no-prefetch,67108864,2199023255552,8,0,0.0,0,40983606.56,40983606.56,40983606.56,195.20,8,2921533.31,0.15,0.56,host_cache_capacity,true,false,0.2310,0.0000,0.0000,0.000,0,0,0
capacity-matrix,SmolLM2-360M,4K-real,true,no-prefetch,268435456,1099511627776,8,0,0.0,0,40983606.56,40983606.56,40983606.56,195.20,8,64485.76,0.00,0.01,host_cache_capacity,true,false,0.9830,0.0000,0.0000,0.000,0,0,0
capacity-matrix,SmolLM2-360M,4K-real,true,no-prefetch,268435456,2199023255552,8,0,0.0,0,40983606.56,40983606.56,40983606.56,195.20,8,64485.76,0.00,0.01,host_cache_capacity,true,false,0.9830,0.0000,0.0000,0.000,0,0,0
capacity-matrix,SmolLM2-360M,4K-real,true,no-prefetch,1073741824,549755813888,8,0,0.0,0,40983606.56,40983606.56,40983606.56,195.20,8,24436.77,0.00,0.00,host_cache_capacity,true,false,0.9936,0.0000,0.0000,0.000,0,0,0
capacity-matrix,SmolLM2-360M,4K-real,true,no-prefetch,4294967296,549755813888,8,0,0.0,0,40983606.56,40983606.56,40983606.56,195.20,8,24436.77,0.00,0.00,host_cache_capacity,true,false,0.9936,0.0000,0.0000,0.000,0,0,0
capacity-matrix,SmolLM2-360M,4K-real,true,no-prefetch,1073741824,2199023255552,8,0,0.0,0,40983606.56,40983606.56,40983606.56,195.20,8,24436.77,0.00,0.00,host_cache_capacity,true,false,0.9936,0.0000,0.0000,0.000,0,0,0
capacity-matrix,SmolLM2-360M,4K-real,true,no-prefetch,4294967296,1099511627776,8,0,0.0,0,40983606.56,40983606.56,40983606.56,195.20,8,24436.77,0.00,0.00,host_cache_capacity,true,false,0.9936,0.0000,0.0000,0.000,0,0,0
capacity-matrix,SmolLM2-360M,4K-real,true,no-prefetch,8589934592,1099511627776,8,0,0.0,0,40983606.56,40983606.56,40983606.56,195.20,8,24436.77,0.00,0.00,host_cache_capacity,true,false,0.9936,0.0000,0.0000,0.000,0,0,0
capacity-matrix,SmolLM2-360M,4K-real,true,no-prefetch,4294967296,2199023255552,8,0,0.0,0,40983606.56,40983606.56,40983606.56,195.20,8,24436.77,0.00,0.00,host_cache_capacity,true,false,0.9936,0.0000,0.0000,0.000,0,0,0
capacity-matrix,SmolLM2-360M,4K-real,true,no-prefetch,8589934592,549755813888,8,0,0.0,0,40983606.56,40983606.56,40983606.56,195.20,8,24436.77,0.00,0.00,host_cache_capacity,true,false,0.9936,0.0000,0.0000,0.000,0,0,0
capacity-matrix,SmolLM2-360M,4K-real,true,no-prefetch,8589934592,2199023255552,8,0,0.0,0,40983606.56,40983606.56,40983606.56,195.20,8,24436.77,0.00,0.00,host_cache_capacity,true,false,0.9936,0.0000,0.0000,0.000,0,0,0
capacity-matrix,SmolLM2-360M,4K-real,true,topk-attention-blocks,268435456,549755813888,8,0,0.0,0,40983606.56,40983606.56,40983606.56,195.20,8,64754.99,0.00,0.01,host_cache_capacity,true,false,0.9837,0.8492,0.8496,5.451,0,0,0
capacity-matrix,SmolLM2-360M,4K-real,true,topk-attention-blocks,1073741824,549755813888,8,0,0.0,0,40983606.56,40983606.56,40983606.56,195.20,8,24504.91,0.00,0.00,host_cache_capacity,true,false,0.9943,0.8492,0.8496,5.451,0,0,0
capacity-matrix,SmolLM2-360M,4K-real,true,topk-attention-blocks,268435456,1099511627776,8,0,0.0,0,40983606.56,40983606.56,40983606.56,195.20,8,64754.99,0.00,0.01,host_cache_capacity,true,false,0.9837,0.8492,0.8496,5.451,0,0,0
capacity-matrix,SmolLM2-360M,4K-real,true,topk-attention-blocks,67108864,549755813888,8,0,0.0,0,40983606.56,40983606.56,40983606.56,195.20,8,3424420.92,0.17,0.10,host_cache_capacity,true,false,0.8678,0.8492,0.8496,5.451,0,0,0
capacity-matrix,SmolLM2-360M,4K-real,true,topk-attention-blocks,67108864,1099511627776,8,0,0.0,0,40983606.56,40983606.56,40983606.56,195.20,8,3424420.92,0.17,0.10,host_cache_capacity,true,false,0.8678,0.8492,0.8496,5.451,0,0,0
capacity-matrix,SmolLM2-360M,4K-real,true,topk-attention-blocks,67108864,2199023255552,8,0,0.0,0,40983606.56,40983606.56,40983606.56,195.20,8,3424420.92,0.17,0.10,host_cache_capacity,true,false,0.8678,0.8492,0.8496,5.451,0,0,0
capacity-matrix,SmolLM2-360M,4K-real,true,topk-attention-blocks,268435456,2199023255552,8,0,0.0,0,40983606.56,40983606.56,40983606.56,195.20,8,64754.99,0.00,0.01,host_cache_capacity,true,false,0.9837,0.8492,0.8496,5.451,0,0,0
capacity-matrix,SmolLM2-360M,4K-real,true,topk-attention-blocks,4294967296,1099511627776,8,0,0.0,0,40983606.56,40983606.56,40983606.56,195.20,8,24504.91,0.00,0.00,host_cache_capacity,true,false,0.9943,0.8492,0.8496,5.451,0,0,0
capacity-matrix,SmolLM2-360M,4K-real,true,topk-attention-blocks,1073741824,1099511627776,8,0,0.0,0,40983606.56,40983606.56,40983606.56,195.20,8,24504.91,0.00,0.00,host_cache_capacity,true,false,0.9943,0.8492,0.8496,5.451,0,0,0
capacity-matrix,SmolLM2-360M,4K-real,true,topk-attention-blocks,1073741824,2199023255552,8,0,0.0,0,40983606.56,40983606.56,40983606.56,195.20,8,24504.91,0.00,0.00,host_cache_capacity,true,false,0.9943,0.8492,0.8496,5.451,0,0,0
capacity-matrix,SmolLM2-360M,4K-real,true,topk-attention-blocks,4294967296,549755813888,8,0,0.0,0,40983606.56,40983606.56,40983606.56,195.20,8,24504.91,0.00,0.00,host_cache_capacity,true,false,0.9943,0.8492,0.8496,5.451,0,0,0
capacity-matrix,SmolLM2-360M,4K-real,true,topk-attention-blocks,4294967296,2199023255552,8,0,0.0,0,40983606.56,40983606.56,40983606.56,195.20,8,24504.91,0.00,0.00,host_cache_capacity,true,false,0.9943,0.8492,0.8496,5.451,0,0,0
capacity-matrix,SmolLM2-360M,4K-real,true,topk-attention-blocks,8589934592,549755813888,8,0,0.0,0,40983606.56,40983606.56,40983606.56,195.20,8,24504.91,0.00,0.00,host_cache_capacity,true,false,0.9943,0.8492,0.8496,5.451,0,0,0
capacity-matrix,SmolLM2-360M,4K-real,true,topk-attention-blocks,8589934592,1099511627776,8,0,0.0,0,40983606.56,40983606.56,40983606.56,195.20,8,24504.91,0.00,0.00,host_cache_capacity,true,false,0.9943,0.8492,0.8496,5.451,0,0,0
capacity-matrix,SmolLM2-360M,4K-real,true,topk-attention-blocks,8589934592,2199023255552,8,0,0.0,0,40983606.56,40983606.56,40983606.56,195.20,8,24504.91,0.00,0.00,host_cache_capacity,true,false,0.9943,0.8492,0.8496,5.451,0,0,0
capacity-matrix,SmolLM2-360M,4K-real,true,recency+sinks,1073741824,549755813888,8,0,0.0,0,40983606.56,40983606.56,40983606.56,195.20,8,24508.51,0.00,0.00,compute,false,false,1.0000,0.2664,0.8312,17.000,0,0,0
capacity-matrix,SmolLM2-360M,4K-real,true,recency+sinks,4294967296,1099511627776,8,0,0.0,0,40983606.56,40983606.56,40983606.56,195.20,8,24508.51,0.00,0.00,compute,false,false,1.0000,0.2664,0.8312,17.000,0,0,0
capacity-matrix,SmolLM2-360M,4K-real,true,recency+sinks,1073741824,1099511627776,8,0,0.0,0,40983606.56,40983606.56,40983606.56,195.20,8,24508.51,0.00,0.00,compute,false,false,1.0000,0.2664,0.8312,17.000,0,0,0
capacity-matrix,SmolLM2-360M,4K-real,true,recency+sinks,1073741824,2199023255552,8,0,0.0,0,40983606.56,40983606.56,40983606.56,195.20,8,24508.51,0.00,0.00,compute,false,false,1.0000,0.2664,0.8312,17.000,0,0,0
capacity-matrix,SmolLM2-360M,4K-real,true,recency+sinks,4294967296,549755813888,8,0,0.0,0,40983606.56,40983606.56,40983606.56,195.20,8,24508.51,0.00,0.00,compute,false,false,1.0000,0.2664,0.8312,17.000,0,0,0
capacity-matrix,SmolLM2-360M,4K-real,true,recency+sinks,67108864,2199023255552,8,0,0.0,0,40983606.56,40983606.56,40983606.56,195.20,8,11251946.30,0.57,0.10,host_cache_capacity,true,false,0.8676,0.2664,0.8312,17.000,0,0,0
capacity-matrix,SmolLM2-360M,4K-real,true,recency+sinks,4294967296,2199023255552,8,0,0.0,0,40983606.56,40983606.56,40983606.56,195.20,8,24508.51,0.00,0.00,compute,false,false,1.0000,0.2664,0.8312,17.000,0,0,0
capacity-matrix,SmolLM2-360M,4K-real,true,recency+sinks,8589934592,549755813888,8,0,0.0,0,40983606.56,40983606.56,40983606.56,195.20,8,24508.51,0.00,0.00,compute,false,false,1.0000,0.2664,0.8312,17.000,0,0,0
capacity-matrix,SmolLM2-360M,4K-real,true,recency+sinks,268435456,549755813888,8,0,0.0,0,40983606.56,40983606.56,40983606.56,195.20,8,8242905.65,0.42,0.04,host_cache_capacity,true,false,0.9439,0.2664,0.8312,17.000,0,0,0
capacity-matrix,SmolLM2-360M,4K-real,true,recency+sinks,8589934592,1099511627776,8,0,0.0,0,40983606.56,40983606.56,40983606.56,195.20,8,24508.51,0.00,0.00,compute,false,false,1.0000,0.2664,0.8312,17.000,0,0,0
capacity-matrix,SmolLM2-360M,4K-real,true,recency+sinks,8589934592,2199023255552,8,0,0.0,0,40983606.56,40983606.56,40983606.56,195.20,8,24508.51,0.00,0.00,compute,false,false,1.0000,0.2664,0.8312,17.000,0,0,0
capacity-matrix,SmolLM2-360M,4K-real,true,recency+sinks,268435456,1099511627776,8,0,0.0,0,40983606.56,40983606.56,40983606.56,195.20,8,8242905.65,0.42,0.04,host_cache_capacity,true,false,0.9439,0.2664,0.8312,17.000,0,0,0
capacity-matrix,SmolLM2-360M,4K-real,true,recency+sinks,268435456,2199023255552,8,0,0.0,0,40983606.56,40983606.56,40983606.56,195.20,8,8242905.65,0.42,0.04,host_cache_capacity,true,false,0.9439,0.2664,0.8312,17.000,0,0,0
capacity-matrix,SmolLM2-360M,4K-real,true,recency+sinks,67108864,549755813888,8,0,0.0,0,40983606.56,40983606.56,40983606.56,195.20,8,11251946.30,0.57,0.10,host_cache_capacity,true,false,0.8676,0.2664,0.8312,17.000,0,0,0
capacity-matrix,SmolLM2-360M,4K-real,true,recency+sinks,67108864,1099511627776,8,0,0.0,0,40983606.56,40983606.56,40983606.56,195.20,8,11251946.30,0.57,0.10,host_cache_capacity,true,false,0.8676,0.2664,0.8312,17.000,0,0,0
capacity-matrix,SmolLM2-360M,4K-real,true,heavy-hitter-blocks,67108864,549755813888,8,0,0.0,0,40983606.56,40983606.56,40983606.56,195.20,8,5185432.14,0.26,0.11,host_cache_capacity,true,false,0.8462,0.5659,0.8307,7.998,0,0,0
capacity-matrix,SmolLM2-360M,4K-real,true,heavy-hitter-blocks,67108864,1099511627776,8,0,0.0,0,40983606.56,40983606.56,40983606.56,195.20,8,5185432.14,0.26,0.11,host_cache_capacity,true,false,0.8462,0.5659,0.8307,7.998,0,0,0
capacity-matrix,SmolLM2-360M,4K-real,true,heavy-hitter-blocks,4294967296,1099511627776,8,0,0.0,0,40983606.56,40983606.56,40983606.56,195.20,8,24504.91,0.00,0.00,host_cache_capacity,true,false,0.9943,0.5659,0.8307,7.998,0,0,0
capacity-matrix,SmolLM2-360M,4K-real,true,heavy-hitter-blocks,1073741824,1099511627776,8,0,0.0,0,40983606.56,40983606.56,40983606.56,195.20,8,24504.91,0.00,0.00,host_cache_capacity,true,false,0.9943,0.5659,0.8307,7.998,0,0,0
capacity-matrix,SmolLM2-360M,4K-real,true,heavy-hitter-blocks,268435456,549755813888,8,0,0.0,0,40983606.56,40983606.56,40983606.56,195.20,8,110086.36,0.01,0.01,host_cache_capacity,true,false,0.9837,0.5659,0.8307,7.998,0,0,0
capacity-matrix,SmolLM2-360M,4K-real,true,heavy-hitter-blocks,1073741824,549755813888,8,0,0.0,0,40983606.56,40983606.56,40983606.56,195.20,8,24504.91,0.00,0.00,host_cache_capacity,true,false,0.9943,0.5659,0.8307,7.998,0,0,0
capacity-matrix,SmolLM2-360M,4K-real,true,heavy-hitter-blocks,8589934592,2199023255552,8,0,0.0,0,40983606.56,40983606.56,40983606.56,195.20,8,24504.91,0.00,0.00,host_cache_capacity,true,false,0.9943,0.5659,0.8307,7.998,0,0,0
capacity-matrix,SmolLM2-360M,4K-real,true,heavy-hitter-blocks,268435456,2199023255552,8,0,0.0,0,40983606.56,40983606.56,40983606.56,195.20,8,110086.36,0.01,0.01,host_cache_capacity,true,false,0.9837,0.5659,0.8307,7.998,0,0,0
capacity-matrix,SmolLM2-360M,4K-real,true,heavy-hitter-blocks,67108864,2199023255552,8,0,0.0,0,40983606.56,40983606.56,40983606.56,195.20,8,5185432.14,0.26,0.11,host_cache_capacity,true,false,0.8462,0.5659,0.8307,7.998,0,0,0
capacity-matrix,SmolLM2-360M,4K-real,true,heavy-hitter-blocks,4294967296,2199023255552,8,0,0.0,0,40983606.56,40983606.56,40983606.56,195.20,8,24504.91,0.00,0.00,host_cache_capacity,true,false,0.9943,0.5659,0.8307,7.998,0,0,0
capacity-matrix,SmolLM2-360M,4K-real,true,heavy-hitter-blocks,268435456,1099511627776,8,0,0.0,0,40983606.56,40983606.56,40983606.56,195.20,8,110086.36,0.01,0.01,host_cache_capacity,true,false,0.9837,0.5659,0.8307,7.998,0,0,0
capacity-matrix,SmolLM2-360M,4K-real,true,heavy-hitter-blocks,1073741824,2199023255552,8,0,0.0,0,40983606.56,40983606.56,40983606.56,195.20,8,24504.91,0.00,0.00,host_cache_capacity,true,false,0.9943,0.5659,0.8307,7.998,0,0,0
capacity-matrix,SmolLM2-360M,4K-real,true,heavy-hitter-blocks,4294967296,549755813888,8,0,0.0,0,40983606.56,40983606.56,40983606.56,195.20,8,24504.91,0.00,0.00,host_cache_capacity,true,false,0.9943,0.5659,0.8307,7.998,0,0,0
capacity-matrix,SmolLM2-360M,4K-real,true,heavy-hitter-blocks,8589934592,549755813888,8,0,0.0,0,40983606.56,40983606.56,40983606.56,195.20,8,24504.91,0.00,0.00,host_cache_capacity,true,false,0.9943,0.5659,0.8307,7.998,0,0,0
capacity-matrix,SmolLM2-360M,4K-real,true,heavy-hitter-blocks,8589934592,1099511627776,8,0,0.0,0,40983606.56,40983606.56,40983606.56,195.20,8,24504.91,0.00,0.00,host_cache_capacity,true,false,0.9943,0.5659,0.8307,7.998,0,0,0
capacity-matrix,SmolLM2-360M,4K-real,true,recency-frequency-hybrid,1073741824,549755813888,8,0,0.0,0,40983606.56,40983606.56,40983606.56,195.20,8,24508.51,0.00,0.00,compute,false,false,1.0000,0.2625,0.9399,19.509,0,0,0
capacity-matrix,SmolLM2-360M,4K-real,true,recency-frequency-hybrid,1073741824,2199023255552,8,0,0.0,0,40983606.56,40983606.56,40983606.56,195.20,8,24508.51,0.00,0.00,compute,false,false,1.0000,0.2625,0.9399,19.509,0,0,0
capacity-matrix,SmolLM2-360M,4K-real,true,recency-frequency-hybrid,67108864,549755813888,8,0,0.0,0,40983606.56,40983606.56,40983606.56,195.20,8,12372118.01,0.63,0.04,host_cache_capacity,true,false,0.9479,0.2625,0.9399,19.509,0,0,0
capacity-matrix,SmolLM2-360M,4K-real,true,recency-frequency-hybrid,1073741824,1099511627776,8,0,0.0,0,40983606.56,40983606.56,40983606.56,195.20,8,24508.51,0.00,0.00,compute,false,false,1.0000,0.2625,0.9399,19.509,0,0,0
capacity-matrix,SmolLM2-360M,4K-real,true,recency-frequency-hybrid,4294967296,549755813888,8,0,0.0,0,40983606.56,40983606.56,40983606.56,195.20,8,24508.51,0.00,0.00,compute,false,false,1.0000,0.2625,0.9399,19.509,0,0,0
capacity-matrix,SmolLM2-360M,4K-real,true,recency-frequency-hybrid,268435456,1099511627776,8,0,0.0,0,40983606.56,40983606.56,40983606.56,195.20,8,8535038.61,0.43,0.03,host_cache_capacity,true,false,0.9653,0.2625,0.9399,19.509,0,0,0
capacity-matrix,SmolLM2-360M,4K-real,true,recency-frequency-hybrid,4294967296,1099511627776,8,0,0.0,0,40983606.56,40983606.56,40983606.56,195.20,8,24508.51,0.00,0.00,compute,false,false,1.0000,0.2625,0.9399,19.509,0,0,0
capacity-matrix,SmolLM2-360M,4K-real,true,recency-frequency-hybrid,67108864,1099511627776,8,0,0.0,0,40983606.56,40983606.56,40983606.56,195.20,8,12372118.01,0.63,0.04,host_cache_capacity,true,false,0.9479,0.2625,0.9399,19.509,0,0,0
capacity-matrix,SmolLM2-360M,4K-real,true,recency-frequency-hybrid,268435456,549755813888,8,0,0.0,0,40983606.56,40983606.56,40983606.56,195.20,8,8535038.61,0.43,0.03,host_cache_capacity,true,false,0.9653,0.2625,0.9399,19.509,0,0,0
capacity-matrix,SmolLM2-360M,4K-real,true,recency-frequency-hybrid,67108864,2199023255552,8,0,0.0,0,40983606.56,40983606.56,40983606.56,195.20,8,12372118.01,0.63,0.04,host_cache_capacity,true,false,0.9479,0.2625,0.9399,19.509,0,0,0
capacity-matrix,SmolLM2-360M,4K-real,true,recency-frequency-hybrid,268435456,2199023255552,8,0,0.0,0,40983606.56,40983606.56,40983606.56,195.20,8,8535038.61,0.43,0.03,host_cache_capacity,true,false,0.9653,0.2625,0.9399,19.509,0,0,0
capacity-matrix,SmolLM2-360M,4K-real,true,recency-frequency-hybrid,4294967296,2199023255552,8,0,0.0,0,40983606.56,40983606.56,40983606.56,195.20,8,24508.51,0.00,0.00,compute,false,false,1.0000,0.2625,0.9399,19.509,0,0,0
capacity-matrix,SmolLM2-360M,4K-real,true,recency-frequency-hybrid,8589934592,549755813888,8,0,0.0,0,40983606.56,40983606.56,40983606.56,195.20,8,24508.51,0.00,0.00,compute,false,false,1.0000,0.2625,0.9399,19.509,0,0,0
capacity-matrix,SmolLM2-360M,4K-real,true,recency-frequency-hybrid,8589934592,1099511627776,8,0,0.0,0,40983606.56,40983606.56,40983606.56,195.20,8,24508.51,0.00,0.00,compute,false,false,1.0000,0.2625,0.9399,19.509,0,0,0
capacity-matrix,SmolLM2-360M,4K-real,true,membrane-predictive,67108864,549755813888,8,0,0.0,0,40983606.56,40983606.56,40983606.56,195.20,8,5212120.99,0.27,0.10,host_cache_capacity,true,false,0.8677,0.5687,0.8555,8.196,0,0,0
capacity-matrix,SmolLM2-360M,4K-real,true,recency-frequency-hybrid,8589934592,2199023255552,8,0,0.0,0,40983606.56,40983606.56,40983606.56,195.20,8,24508.51,0.00,0.00,compute,false,false,1.0000,0.2625,0.9399,19.509,0,0,0
capacity-matrix,SmolLM2-360M,4K-real,true,membrane-predictive,67108864,1099511627776,8,0,0.0,0,40983606.56,40983606.56,40983606.56,195.20,8,5212120.99,0.27,0.10,host_cache_capacity,true,false,0.8677,0.5687,0.8555,8.196,0,0,0
capacity-matrix,SmolLM2-360M,4K-real,true,membrane-predictive,268435456,2199023255552,8,0,0.0,0,40983606.56,40983606.56,40983606.56,195.20,8,111315.86,0.01,0.01,host_cache_capacity,true,false,0.9839,0.5687,0.8555,8.196,0,0,0
capacity-matrix,SmolLM2-360M,4K-real,true,membrane-predictive,268435456,1099511627776,8,0,0.0,0,40983606.56,40983606.56,40983606.56,195.20,8,111315.86,0.01,0.01,host_cache_capacity,true,false,0.9839,0.5687,0.8555,8.196,0,0,0
capacity-matrix,SmolLM2-360M,4K-real,true,membrane-predictive,4294967296,549755813888,8,0,0.0,0,40983606.56,40983606.56,40983606.56,195.20,8,24504.91,0.00,0.00,host_cache_capacity,true,false,0.9943,0.5687,0.8555,8.196,0,0,0
capacity-matrix,SmolLM2-360M,4K-real,true,membrane-predictive,4294967296,2199023255552,8,0,0.0,0,40983606.56,40983606.56,40983606.56,195.20,8,24504.91,0.00,0.00,host_cache_capacity,true,false,0.9943,0.5687,0.8555,8.196,0,0,0
capacity-matrix,SmolLM2-360M,4K-real,true,membrane-predictive,268435456,549755813888,8,0,0.0,0,40983606.56,40983606.56,40983606.56,195.20,8,111315.86,0.01,0.01,host_cache_capacity,true,false,0.9839,0.5687,0.8555,8.196,0,0,0
capacity-matrix,SmolLM2-360M,4K-real,true,oracle,67108864,549755813888,8,0,0.0,0,40983606.56,40983606.56,40983606.56,195.20,8,2924407.13,0.15,0.00,compute,false,false,1.0000,1.0000,1.0000,5.448,0,0,0
capacity-matrix,SmolLM2-360M,4K-real,true,membrane-predictive,67108864,2199023255552,8,0,0.0,0,40983606.56,40983606.56,40983606.56,195.20,8,5212120.99,0.27,0.10,host_cache_capacity,true,false,0.8677,0.5687,0.8555,8.196,0,0,0
capacity-matrix,SmolLM2-360M,4K-real,true,oracle,67108864,2199023255552,8,0,0.0,0,40983606.56,40983606.56,40983606.56,195.20,8,2924407.13,0.15,0.00,compute,false,false,1.0000,1.0000,1.0000,5.448,0,0,0
capacity-matrix,SmolLM2-360M,4K-real,true,membrane-predictive,8589934592,2199023255552,8,0,0.0,0,40983606.56,40983606.56,40983606.56,195.20,8,24504.91,0.00,0.00,host_cache_capacity,true,false,0.9943,0.5687,0.8555,8.196,0,0,0
capacity-matrix,SmolLM2-360M,4K-real,true,oracle,67108864,1099511627776,8,0,0.0,0,40983606.56,40983606.56,40983606.56,195.20,8,2924407.13,0.15,0.00,compute,false,false,1.0000,1.0000,1.0000,5.448,0,0,0
capacity-matrix,SmolLM2-360M,4K-real,true,membrane-predictive,4294967296,1099511627776,8,0,0.0,0,40983606.56,40983606.56,40983606.56,195.20,8,24504.91,0.00,0.00,host_cache_capacity,true,false,0.9943,0.5687,0.8555,8.196,0,0,0
capacity-matrix,SmolLM2-360M,4K-real,true,oracle,268435456,549755813888,8,0,0.0,0,40983606.56,40983606.56,40983606.56,195.20,8,64761.42,0.00,0.00,compute,false,false,1.0000,1.0000,1.0000,5.448,0,0,0
capacity-matrix,SmolLM2-360M,4K-real,true,oracle,268435456,1099511627776,8,0,0.0,0,40983606.56,40983606.56,40983606.56,195.20,8,64761.42,0.00,0.00,compute,false,false,1.0000,1.0000,1.0000,5.448,0,0,0
capacity-matrix,SmolLM2-360M,4K-real,true,oracle,268435456,2199023255552,8,0,0.0,0,40983606.56,40983606.56,40983606.56,195.20,8,64761.42,0.00,0.00,compute,false,false,1.0000,1.0000,1.0000,5.448,0,0,0
capacity-matrix,SmolLM2-360M,4K-real,true,oracle,1073741824,549755813888,8,0,0.0,0,40983606.56,40983606.56,40983606.56,195.20,8,24436.77,0.00,0.00,compute,false,false,1.0000,1.0000,1.0000,5.448,0,0,0
capacity-matrix,SmolLM2-360M,4K-real,true,membrane-predictive,8589934592,549755813888,8,0,0.0,0,40983606.56,40983606.56,40983606.56,195.20,8,24504.91,0.00,0.00,host_cache_capacity,true,false,0.9943,0.5687,0.8555,8.196,0,0,0
capacity-matrix,SmolLM2-360M,4K-real,true,membrane-predictive,1073741824,549755813888,8,0,0.0,0,40983606.56,40983606.56,40983606.56,195.20,8,24504.91,0.00,0.00,host_cache_capacity,true,false,0.9943,0.5687,0.8555,8.196,0,0,0
capacity-matrix,SmolLM2-360M,4K-real,true,oracle,4294967296,549755813888,8,0,0.0,0,40983606.56,40983606.56,40983606.56,195.20,8,24436.77,0.00,0.00,compute,false,false,1.0000,1.0000,1.0000,5.448,0,0,0
capacity-matrix,SmolLM2-360M,4K-real,true,oracle,4294967296,1099511627776,8,0,0.0,0,40983606.56,40983606.56,40983606.56,195.20,8,24436.77,0.00,0.00,compute,false,false,1.0000,1.0000,1.0000,5.448,0,0,0
capacity-matrix,SmolLM2-360M,4K-real,true,oracle,1073741824,1099511627776,8,0,0.0,0,40983606.56,40983606.56,40983606.56,195.20,8,24436.77,0.00,0.00,compute,false,false,1.0000,1.0000,1.0000,5.448,0,0,0
capacity-matrix,SmolLM2-360M,4K-real,true,membrane-predictive,1073741824,1099511627776,8,0,0.0,0,40983606.56,40983606.56,40983606.56,195.20,8,24504.91,0.00,0.00,host_cache_capacity,true,false,0.9943,0.5687,0.8555,8.196,0,0,0
capacity-matrix,SmolLM2-360M,4K-real,true,oracle,1073741824,2199023255552,8,0,0.0,0,40983606.56,40983606.56,40983606.56,195.20,8,24436.77,0.00,0.00,compute,false,false,1.0000,1.0000,1.0000,5.448,0,0,0
capacity-matrix,SmolLM2-360M,4K-real,true,membrane-predictive,1073741824,2199023255552,8,0,0.0,0,40983606.56,40983606.56,40983606.56,195.20,8,24504.91,0.00,0.00,host_cache_capacity,true,false,0.9943,0.5687,0.8555,8.196,0,0,0
context-scaling,SmolLM2-135M,4K-real,true,oracle,268435456,1099511627776,8,0,0.0,0,15673981.19,15673981.19,15673981.19,510.40,8,46061.79,0.01,0.00,compute,false,false,1.0000,1.0000,1.0000,6.682,0,0,0
capacity-matrix,SmolLM2-360M,4K-real,true,oracle,8589934592,2199023255552,8,0,0.0,0,40983606.56,40983606.56,40983606.56,195.20,8,24436.77,0.00,0.00,compute,false,false,1.0000,1.0000,1.0000,5.448,0,0,0
capacity-matrix,SmolLM2-360M,4K-real,true,oracle,4294967296,2199023255552,8,0,0.0,0,40983606.56,40983606.56,40983606.56,195.20,8,24436.77,0.00,0.00,compute,false,false,1.0000,1.0000,1.0000,5.448,0,0,0
capacity-matrix,SmolLM2-360M,4K-real,true,oracle,8589934592,549755813888,8,0,0.0,0,40983606.56,40983606.56,40983606.56,195.20,8,24436.77,0.00,0.00,compute,false,false,1.0000,1.0000,1.0000,5.448,0,0,0
context-scaling,SmolLM2-135M,4K-real,true,no-prefetch,268435456,1099511627776,8,0,0.0,0,15673981.19,15673981.19,15673981.19,510.40,8,45757.30,0.01,0.02,host_cache_capacity,true,false,0.9825,0.0000,0.0000,0.000,0,0,0
capacity-matrix,SmolLM2-360M,4K-real,true,oracle,8589934592,1099511627776,8,0,0.0,0,40983606.56,40983606.56,40983606.56,195.20,8,24436.77,0.00,0.00,compute,false,false,1.0000,1.0000,1.0000,5.448,0,0,0
capacity-matrix,SmolLM2-360M,4K-real,true,membrane-predictive,8589934592,1099511627776,8,0,0.0,0,40983606.56,40983606.56,40983606.56,195.20,8,24504.91,0.00,0.00,host_cache_capacity,true,false,0.9943,0.5687,0.8555,8.196,0,0,0
context-scaling,SmolLM2-135M,4K-real,true,membrane-predictive,268435456,1099511627776,8,0,0.0,0,15673981.19,15673981.19,15673981.19,510.40,8,59875.56,0.01,0.02,host_cache_capacity,true,false,0.9831,0.5107,0.7674,10.041,0,0,0
context-scaling,SmolLM2-135M,16K,false,no-prefetch,268435456,1099511627776,8,0,0.0,0,15673981.19,15673981.19,15673981.19,510.40,8,110462.69,0.02,0.06,host_cache_capacity,true,false,0.9578,0.0000,0.0000,0.000,0,0,0
context-scaling,SmolLM2-135M,16K,false,oracle,268435456,1099511627776,8,0,0.0,0,15673981.19,15673981.19,15673981.19,510.40,8,110570.65,0.02,0.00,compute,false,false,1.0000,1.0000,1.0000,6.676,0,0,0
context-scaling,SmolLM2-135M,32K,false,oracle,268435456,1099511627776,8,0,0.0,0,15673981.19,15673981.19,15673981.19,510.40,8,123172.86,0.02,0.00,compute,false,false,1.0000,1.0000,1.0000,6.679,0,0,0
concurrency-scaling,SmolLM2-135M,4K-real,true,oracle,268435456,1099511627776,1,0,0.0,0,15673981.19,15673981.19,15673981.19,63.80,1,13718.83,0.00,0.00,compute,false,false,1.0000,1.0000,1.0000,6.682,0,0,0
context-scaling,SmolLM2-135M,32K,false,no-prefetch,268435456,1099511627776,8,0,0.0,0,15673981.19,15673981.19,15673981.19,510.40,8,123099.18,0.02,0.06,host_cache_capacity,true,false,0.9530,0.0000,0.0000,0.000,0,0,0
concurrency-scaling,SmolLM2-135M,4K-real,true,no-prefetch,268435456,1099511627776,1,0,0.0,0,15673981.19,15673981.19,15673981.19,63.80,1,13718.83,0.00,0.00,host_cache_capacity,true,false,0.9948,0.0000,0.0000,0.000,0,0,0
concurrency-scaling,SmolLM2-135M,4K-real,true,oracle,268435456,1099511627776,8,0,0.0,0,15673981.19,15673981.19,15673981.19,510.40,8,46061.79,0.01,0.00,compute,false,false,1.0000,1.0000,1.0000,6.682,0,0,0
concurrency-scaling,SmolLM2-135M,4K-real,true,no-prefetch,268435456,1099511627776,8,0,0.0,0,15673981.19,15673981.19,15673981.19,510.40,8,45757.30,0.01,0.02,host_cache_capacity,true,false,0.9825,0.0000,0.0000,0.000,0,0,0
concurrency-scaling,SmolLM2-135M,4K-real,true,membrane-predictive,268435456,1099511627776,1,0,0.0,0,15673981.19,15673981.19,15673981.19,63.80,1,13797.71,0.00,0.00,host_cache_capacity,true,false,0.9954,0.5107,0.7674,10.041,0,0,0
concurrency-scaling,SmolLM2-135M,4K-real,true,membrane-predictive,268435456,1099511627776,8,0,0.0,0,15673981.19,15673981.19,15673981.19,510.40,8,59875.56,0.01,0.02,host_cache_capacity,true,false,0.9831,0.5107,0.7674,10.041,0,0,0
concurrency-scaling,SmolLM2-135M,4K-real,true,no-prefetch,268435456,1099511627776,32,0,0.0,0,15673981.19,15673981.19,15673981.19,2041.60,32,1822001.65,0.97,3.63,host_cache_capacity,true,false,0.3050,0.0000,0.0000,0.000,0,0,0
concurrency-scaling,SmolLM2-135M,4K-real,true,oracle,268435456,1099511627776,32,0,0.0,0,15673981.19,15673981.19,15673981.19,2041.60,32,1826686.67,0.98,0.00,compute,false,false,0.9998,1.0000,1.0000,6.682,0,0,0
concurrency-scaling,SmolLM2-135M,4K-real,true,oracle,268435456,1099511627776,128,0,0.0,0,15673981.19,15673981.19,15673981.19,8166.40,128,2270698.56,4.85,0.00,compute,false,false,1.0000,1.0000,1.0000,6.682,0,0,0
concurrency-scaling,SmolLM2-135M,4K-real,true,no-prefetch,268435456,1099511627776,128,0,0.0,0,15673981.19,15673981.19,15673981.19,8166.40,128,2621581.93,5.59,20.91,quant_engine,true,false,0.0000,0.0000,0.0000,0.000,0,0,0
concurrency-scaling,SmolLM2-135M,4K-real,true,membrane-predictive,268435456,1099511627776,32,0,0.0,0,15673981.19,15673981.19,15673981.19,2041.60,32,3622036.78,1.93,0.96,host_cache_capacity,true,false,0.8155,0.5107,0.7674,10.041,0,0,0
concurrency-scaling,SmolLM2-135M,4K-real,true,oracle,268435456,1099511627776,512,0,0.0,0,15673981.19,15673981.19,15673981.19,32665.60,512,2561511.79,21.86,0.00,link,false,false,1.0000,1.0000,1.0000,6.682,0,0,0
concurrency-scaling,SmolLM2-135M,4K-real,true,no-prefetch,268435456,1099511627776,512,0,0.0,0,15673981.19,15673981.19,15673981.19,32665.60,512,2621551.98,22.37,83.63,quant_engine,true,false,0.0000,0.0000,0.0000,0.000,0,0,0
context-scaling,SmolLM2-135M,16K,false,membrane-predictive,268435456,1099511627776,8,0,0.0,0,15673981.19,15673981.19,15673981.19,510.40,8,172301.99,0.02,0.06,host_cache_capacity,true,false,0.9553,0.5212,0.7832,10.033,0,0,0
context-scaling,SmolLM2-135M,64K,false,oracle,268435456,1099511627776,8,0,0.0,0,15673981.19,15673981.19,15673981.19,510.40,8,129329.87,0.02,0.00,compute,false,false,1.0000,1.0000,1.0000,6.681,0,0,0
context-scaling,SmolLM2-135M,64K,false,no-prefetch,268435456,1099511627776,8,0,0.0,0,15673981.19,15673981.19,15673981.19,510.40,8,129272.94,0.02,0.06,host_cache_capacity,true,false,0.9507,0.0000,0.0000,0.000,0,0,0
concurrency-scaling,SmolLM2-135M,4K-real,true,membrane-predictive,268435456,1099511627776,128,0,0.0,0,15673981.19,15673981.19,15673981.19,8166.40,128,4116620.65,8.79,4.68,link,true,false,0.7762,0.5107,0.7674,10.041,0,0,0
coalescing,SmolLM2-135M,4K-real,true,membrane-predictive,268435456,1099511627776,8,1,0.0,0,15673981.19,15673981.19,15673981.19,510.40,8,59875.56,0.01,0.02,host_cache_capacity,true,false,0.9831,0.5107,0.7674,10.041,41612,41201,0
coalescing,SmolLM2-135M,4K-real,true,membrane-predictive,268435456,1099511627776,8,2,0.0,0,15673981.19,15673981.19,15673981.19,510.40,8,59875.56,0.01,0.02,host_cache_capacity,true,false,0.9831,0.5107,0.7674,10.041,41612,40829,1621548
concurrency-scaling,SmolLM2-135M,4K-real,true,membrane-predictive,268435456,1099511627776,512,0,0.0,0,15673981.19,15673981.19,15673981.19,32665.60,512,4468463.16,38.15,19.35,link,true,false,0.7686,0.5107,0.7674,10.041,0,0,0
coalescing,SmolLM2-135M,4K-real,true,membrane-predictive,268435456,1099511627776,8,4,0.0,0,15673981.19,15673981.19,15673981.19,510.40,8,59875.56,0.01,0.02,host_cache_capacity,true,false,0.9831,0.5107,0.7674,10.041,41612,40275,7227222
coalescing,SmolLM2-135M,4K-real,true,membrane-predictive,268435456,1099511627776,8,8,0.0,0,15673981.19,15673981.19,15673981.19,510.40,8,59875.56,0.01,0.02,host_cache_capacity,true,false,0.9831,0.5107,0.7674,10.041,41612,37826,75694035
microbatch-pareto,SmolLM2-135M,4K-real,true,membrane-predictive,268435456,1099511627776,32,0,0.0,1,15673981.19,15673981.19,15673981.19,2041.60,32,3622036.78,1.93,0.96,host_cache_capacity,true,false,0.8155,0.5107,0.7674,10.041,0,0,0
microbatch-pareto,SmolLM2-135M,4K-real,true,membrane-predictive,268435456,1099511627776,32,0,8000.0,1,15673981.19,15673981.19,15673981.19,2041.60,32,3622036.78,1.93,0.96,host_cache_capacity,true,false,0.8155,0.5107,0.7674,10.041,0,0,0
microbatch-pareto,SmolLM2-135M,4K-real,true,membrane-predictive,268435456,1099511627776,32,0,500.0,4,15673981.19,15673981.19,15673981.19,2041.60,32,3622036.78,1.93,0.96,host_cache_capacity,true,false,0.8155,0.5107,0.7674,10.041,0,0,0
microbatch-pareto,SmolLM2-135M,4K-real,true,membrane-predictive,268435456,1099511627776,32,0,0.0,64,15673981.19,15673981.19,15673981.19,2041.60,32,3622036.78,1.93,0.96,host_cache_capacity,true,false,0.8155,0.5107,0.7674,10.041,0,0,0
microbatch-pareto,SmolLM2-135M,4K-real,true,membrane-predictive,268435456,1099511627776,32,0,500.0,1,15673981.19,15673981.19,15673981.19,2041.60,32,3622036.78,1.93,0.96,host_cache_capacity,true,false,0.8155,0.5107,0.7674,10.041,0,0,0
baseline-oracle,SmolLM2-135M,4K-real,true,oracle,268435456,1099511627776,8,0,0.0,0,15673981.19,15673981.19,15673981.19,510.40,8,46061.79,0.01,0.00,compute,false,false,1.0000,1.0000,1.0000,6.682,0,0,0
baseline-no-prefetch,SmolLM2-135M,4K-real,true,no-prefetch,268435456,1099511627776,8,0,0.0,0,15673981.19,15673981.19,15673981.19,510.40,8,45757.30,0.01,0.02,host_cache_capacity,true,false,0.9825,0.0000,0.0000,0.000,0,0,0
microbatch-pareto,SmolLM2-135M,4K-real,true,membrane-predictive,268435456,1099511627776,32,0,500.0,64,15673981.19,15673981.19,15673981.19,2041.60,32,3622036.78,1.93,0.96,host_cache_capacity,true,false,0.8155,0.5107,0.7674,10.041,0,0,0
microbatch-pareto,SmolLM2-135M,4K-real,true,membrane-predictive,268435456,1099511627776,32,0,8000.0,64,15673981.19,15673981.19,15673981.19,2041.60,32,3622036.78,1.93,0.96,host_cache_capacity,true,false,0.8155,0.5107,0.7674,10.041,0,0,0
baseline-predictor,SmolLM2-135M,4K-real,true,membrane-predictive,268435456,1099511627776,8,0,0.0,0,15673981.19,15673981.19,15673981.19,510.40,8,59875.56,0.01,0.02,host_cache_capacity,true,false,0.9831,0.5107,0.7674,10.041,0,0,0
context-scaling,SmolLM2-135M,128K,false,no-prefetch,268435456,1099511627776,8,0,0.0,0,15673981.19,15673981.19,15673981.19,510.40,8,132323.41,0.02,0.07,host_cache_capacity,true,false,0.9495,0.0000,0.0000,0.000,0,0,0
baseline-predictor-coalesced-microbatched,SmolLM2-135M,4K-real,true,membrane-predictive,268435456,1099511627776,8,4,500.0,4,15673981.19,15673981.19,15673981.19,510.40,8,59875.56,0.01,0.02,host_cache_capacity,true,false,0.9831,0.5107,0.7674,10.041,41612,40275,7227222
baseline-predictor-coalesced,SmolLM2-135M,4K-real,true,membrane-predictive,268435456,1099511627776,8,4,0.0,0,15673981.19,15673981.19,15673981.19,510.40,8,59875.56,0.01,0.02,host_cache_capacity,true,false,0.9831,0.5107,0.7674,10.041,41612,40275,7227222
context-scaling,SmolLM2-135M,128K,false,oracle,268435456,1099511627776,8,0,0.0,0,15673981.19,15673981.19,15673981.19,510.40,8,132372.07,0.02,0.00,compute,false,false,1.0000,1.0000,1.0000,6.682,0,0,0
context-scaling,SmolLM2-135M,32K,false,membrane-predictive,268435456,1099511627776,8,0,0.0,0,15673981.19,15673981.19,15673981.19,510.40,8,199010.65,0.03,0.07,host_cache_capacity,true,false,0.9489,0.5277,0.7929,10.037,0,0,0
context-scaling,SmolLM2-135M,64K,false,membrane-predictive,268435456,1099511627776,8,0,0.0,0,15673981.19,15673981.19,15673981.19,510.40,8,214494.73,0.03,0.07,host_cache_capacity,true,false,0.9455,0.5315,0.7987,10.040,0,0,0
context-scaling,SmolLM2-135M,128K,false,membrane-predictive,268435456,1099511627776,8,0,0.0,0,15673981.19,15673981.19,15673981.19,510.40,8,222300.38,0.03,0.07,host_cache_capacity,true,false,0.9437,0.5334,0.8016,10.041,0,0,0
baseline-analytical,SmolLM2-135M,4K-real,true,full-scan-cxl-uncompressed,0,0,8,0,0.0,0,0,0,0,0,0,59013120.00,0,0,n/a,false,false,0,0,0,0,0,0,0
baseline-analytical,SmolLM2-135M,4K-real,true,full-scan-cxl-compressed,0,0,8,0,0.0,0,0,0,0,0,0,31389957.45,0,0,n/a,false,false,0,0,0,0,0,0,0
